/*
 Navicat Premium Data Transfer

 Source Server         : mysql1
 Source Server Type    : MySQL
 Source Server Version : 80030 (8.0.30)
 Source Host           : localhost:3306
 Source Schema         : yuyue

 Target Server Type    : MySQL
 Target Server Version : 80030 (8.0.30)
 File Encoding         : 65001

 Date: 09/04/2023 15:57:14
*/

SET NAMES utf8mb4;
SET FOREIGN_KEY_CHECKS = 0;

-- ----------------------------
-- Table structure for approval
-- ----------------------------
DROP TABLE IF EXISTS `approval`;
CREATE TABLE `approval`  (
  `ap_id` int NOT NULL AUTO_INCREMENT,
  `sys_id` int NOT NULL COMMENT '审批人id',
  `sa_id` int NULL DEFAULT NULL COMMENT '被审批的账号',
  `su_id` int NULL DEFAULT NULL COMMENT '被审批的用户',
  `ap_event` varchar(255) CHARACTER SET utf8mb4 COLLATE utf8mb4_0900_ai_ci NULL DEFAULT NULL COMMENT '审批事件 管理员注册 作者注册',
  `ap_state` int NULL DEFAULT 1 COMMENT '审批状态 0-删除 1-未审批 2-通过 3-拒绝',
  `ap_time` datetime NULL DEFAULT NULL COMMENT '审批时间',
  `ap_type` varchar(20) CHARACTER SET utf8mb4 COLLATE utf8mb4_0900_ai_ci NULL DEFAULT NULL COMMENT '审批类型',
  `ap_cause` varchar(255) CHARACTER SET utf8mb4 COLLATE utf8mb4_0900_ai_ci NULL DEFAULT NULL COMMENT '原因',
  PRIMARY KEY (`ap_id`) USING BTREE
) ENGINE = InnoDB AUTO_INCREMENT = 14 CHARACTER SET = utf8mb4 COLLATE = utf8mb4_0900_ai_ci COMMENT = '审批表' ROW_FORMAT = Dynamic;

-- ----------------------------
-- Records of approval
-- ----------------------------
INSERT INTO `approval` VALUES (1, 1, 1001, NULL, '0geFatoEPt', 1, '2009-12-03 21:50:33', 'V0Rz7srtUd', NULL);
INSERT INTO `approval` VALUES (2, 2, 1002, NULL, '4T0cYjJpDe', 1, '2011-10-17 15:30:30', 'Itf5GDjPYy', NULL);
INSERT INTO `approval` VALUES (3, 3, 1003, NULL, '4caFtozYGK', 1, '2020-10-04 14:45:10', '6QXpoJcQf8', NULL);
INSERT INTO `approval` VALUES (4, 4, 1004, NULL, 'C82m54ozXm', 1, '2010-08-27 19:56:41', 'I9DJqIlMH1', NULL);
INSERT INTO `approval` VALUES (5, 5, 1005, NULL, 'YbPWa2MniQ', 1, '2006-08-20 23:32:00', 'ys7unDoZ4X', NULL);
INSERT INTO `approval` VALUES (6, 6, 1006, NULL, 'zwAdxT0LFH', 1, '2007-05-21 15:15:07', '6WqSZasHqp', NULL);
INSERT INTO `approval` VALUES (7, 7, 1007, NULL, 'vp8rax8xAq', 1, '2006-04-25 06:17:31', '1v1xB4bNxE', NULL);
INSERT INTO `approval` VALUES (8, 8, 1008, NULL, '4KMNdLg9Wo', 1, '2018-05-21 02:57:07', 'nySOQCEVWj', NULL);
INSERT INTO `approval` VALUES (9, 9, 1009, NULL, 'cazxr3FLMz', 1, '2009-09-25 11:06:36', 'yqueo6GKAD', NULL);
INSERT INTO `approval` VALUES (10, 10, 1010, NULL, '2LIDtcqno0', 1, '2010-01-02 05:22:35', 'ocMbT1aKUY', NULL);
INSERT INTO `approval` VALUES (12, 1, 1047, 37, '作者注册', 3, NULL, '账号申请', NULL);
INSERT INTO `approval` VALUES (13, 1, 1057, 46, '作者注册', 1, NULL, '账号申请', NULL);

-- ----------------------------
-- Table structure for bookrack
-- ----------------------------
DROP TABLE IF EXISTS `bookrack`;
CREATE TABLE `bookrack`  (
  `bo_id` int NOT NULL AUTO_INCREMENT,
  `bo_create_time` datetime NULL DEFAULT CURRENT_TIMESTAMP COMMENT '创建时间',
  `bo_create_by` varchar(255) CHARACTER SET utf8mb4 COLLATE utf8mb4_0900_ai_ci NULL DEFAULT NULL COMMENT '创建人',
  `bo_state` int NULL DEFAULT 1 COMMENT '书架状态 0-删除 1-正常',
  PRIMARY KEY (`bo_id`) USING BTREE
) ENGINE = InnoDB AUTO_INCREMENT = 6 CHARACTER SET = utf8mb4 COLLATE = utf8mb4_0900_ai_ci COMMENT = '书架表' ROW_FORMAT = Dynamic;

-- ----------------------------
-- Records of bookrack
-- ----------------------------
INSERT INTO `bookrack` VALUES (1, '2008-07-19 00:01:20', 'admin', 1);
INSERT INTO `bookrack` VALUES (2, '2015-09-14 13:24:42', 'admin', 1);
INSERT INTO `bookrack` VALUES (3, '2003-05-06 12:29:32', 'admin', 1);
INSERT INTO `bookrack` VALUES (4, '2006-03-13 13:15:55', 'admin', 1);
INSERT INTO `bookrack` VALUES (5, '2018-08-06 19:47:30', 'admin', 1);

-- ----------------------------
-- Table structure for branch_table
-- ----------------------------
DROP TABLE IF EXISTS `branch_table`;
CREATE TABLE `branch_table`  (
  `branch_id` bigint NOT NULL,
  `xid` varchar(128) CHARACTER SET utf8mb4 COLLATE utf8mb4_0900_ai_ci NOT NULL,
  `transaction_id` bigint NULL DEFAULT NULL,
  `resource_group_id` varchar(32) CHARACTER SET utf8mb4 COLLATE utf8mb4_0900_ai_ci NULL DEFAULT NULL,
  `resource_id` varchar(256) CHARACTER SET utf8mb4 COLLATE utf8mb4_0900_ai_ci NULL DEFAULT NULL,
  `branch_type` varchar(8) CHARACTER SET utf8mb4 COLLATE utf8mb4_0900_ai_ci NULL DEFAULT NULL,
  `status` tinyint NULL DEFAULT NULL,
  `client_id` varchar(64) CHARACTER SET utf8mb4 COLLATE utf8mb4_0900_ai_ci NULL DEFAULT NULL,
  `application_data` varchar(2000) CHARACTER SET utf8mb4 COLLATE utf8mb4_0900_ai_ci NULL DEFAULT NULL,
  `gmt_create` datetime(6) NULL DEFAULT NULL,
  `gmt_modified` datetime(6) NULL DEFAULT NULL,
  PRIMARY KEY (`branch_id`) USING BTREE,
  INDEX `idx_xid`(`xid` ASC) USING BTREE
) ENGINE = InnoDB CHARACTER SET = utf8mb4 COLLATE = utf8mb4_0900_ai_ci ROW_FORMAT = Dynamic;

-- ----------------------------
-- Records of branch_table
-- ----------------------------

-- ----------------------------
-- Table structure for distributed_lock
-- ----------------------------
DROP TABLE IF EXISTS `distributed_lock`;
CREATE TABLE `distributed_lock`  (
  `lock_key` char(20) CHARACTER SET utf8mb4 COLLATE utf8mb4_0900_ai_ci NOT NULL,
  `lock_value` varchar(20) CHARACTER SET utf8mb4 COLLATE utf8mb4_0900_ai_ci NOT NULL,
  `expire` bigint NULL DEFAULT NULL,
  PRIMARY KEY (`lock_key`) USING BTREE
) ENGINE = InnoDB CHARACTER SET = utf8mb4 COLLATE = utf8mb4_0900_ai_ci ROW_FORMAT = Dynamic;

-- ----------------------------
-- Records of distributed_lock
-- ----------------------------
INSERT INTO `distributed_lock` VALUES ('AsyncCommitting', ' ', 0);
INSERT INTO `distributed_lock` VALUES ('RetryCommitting', ' ', 0);
INSERT INTO `distributed_lock` VALUES ('RetryRollbacking', ' ', 0);
INSERT INTO `distributed_lock` VALUES ('TxTimeoutCheck', ' ', 0);
INSERT INTO `distributed_lock` VALUES ('UndologDelete', ' ', 0);

-- ----------------------------
-- Table structure for global_table
-- ----------------------------
DROP TABLE IF EXISTS `global_table`;
CREATE TABLE `global_table`  (
  `xid` varchar(128) CHARACTER SET utf8mb4 COLLATE utf8mb4_0900_ai_ci NOT NULL,
  `transaction_id` bigint NULL DEFAULT NULL,
  `status` tinyint NOT NULL,
  `application_id` varchar(32) CHARACTER SET utf8mb4 COLLATE utf8mb4_0900_ai_ci NULL DEFAULT NULL,
  `transaction_service_group` varchar(32) CHARACTER SET utf8mb4 COLLATE utf8mb4_0900_ai_ci NULL DEFAULT NULL,
  `transaction_name` varchar(128) CHARACTER SET utf8mb4 COLLATE utf8mb4_0900_ai_ci NULL DEFAULT NULL,
  `timeout` int NULL DEFAULT NULL,
  `begin_time` bigint NULL DEFAULT NULL,
  `application_data` varchar(2000) CHARACTER SET utf8mb4 COLLATE utf8mb4_0900_ai_ci NULL DEFAULT NULL,
  `gmt_create` datetime NULL DEFAULT NULL,
  `gmt_modified` datetime NULL DEFAULT NULL,
  PRIMARY KEY (`xid`) USING BTREE,
  INDEX `idx_status_gmt_modified`(`status` ASC, `gmt_modified` ASC) USING BTREE,
  INDEX `idx_transaction_id`(`transaction_id` ASC) USING BTREE
) ENGINE = InnoDB CHARACTER SET = utf8mb4 COLLATE = utf8mb4_0900_ai_ci ROW_FORMAT = Dynamic;

-- ----------------------------
-- Records of global_table
-- ----------------------------

-- ----------------------------
-- Table structure for integral
-- ----------------------------
DROP TABLE IF EXISTS `integral`;
CREATE TABLE `integral`  (
  `in_id` int NOT NULL AUTO_INCREMENT,
  `su_id` int NOT NULL COMMENT '用户id',
  `am_type` varchar(20) CHARACTER SET utf8mb4 COLLATE utf8mb4_0900_ai_ci NULL DEFAULT NULL COMMENT '增减积分类型 用户注册（+10） 作者注册（+100）\r\n订阅读图书（-？）\r\n阅读两分钟图书（+2）\r\n管理员赠送（+？）',
  `am_num` int NULL DEFAULT NULL COMMENT '增减积分数量',
  `sys_id` int NULL DEFAULT NULL COMMENT '赠送积分的管理员id',
  `wo_id` int NULL DEFAULT NULL COMMENT '阅读订阅的作品id',
  `in_create_time` datetime NULL DEFAULT CURRENT_TIMESTAMP COMMENT '创建时间',
  PRIMARY KEY (`in_id`) USING BTREE
) ENGINE = InnoDB AUTO_INCREMENT = 25 CHARACTER SET = utf8mb4 COLLATE = utf8mb4_0900_ai_ci COMMENT = '积分详情表' ROW_FORMAT = Dynamic;

-- ----------------------------
-- Records of integral
-- ----------------------------
INSERT INTO `integral` VALUES (1, 1, '用户注册', 10, 0, 0, NULL);
INSERT INTO `integral` VALUES (2, 1, '用户注册', 10, 0, 0, NULL);
INSERT INTO `integral` VALUES (3, 30, '用户注册', 10, NULL, NULL, '2023-02-07 15:04:58');
INSERT INTO `integral` VALUES (5, 3, '订阅图书', 10, NULL, 1, '2023-02-08 16:34:53');
INSERT INTO `integral` VALUES (6, 3, '订阅图书', 10, NULL, 1, '2023-02-09 09:12:04');
INSERT INTO `integral` VALUES (7, 3, '订阅图书', 10, NULL, 1, '2023-02-09 09:31:39');
INSERT INTO `integral` VALUES (8, 3, '订阅图书', 10, NULL, 1, '2023-02-09 09:31:50');
INSERT INTO `integral` VALUES (9, 3, '订阅图书', 10, NULL, 1, '2023-02-09 09:37:55');
INSERT INTO `integral` VALUES (10, 3, '订阅图书', 10, NULL, 1, '2023-02-09 10:36:12');
INSERT INTO `integral` VALUES (11, 3, '订阅图书', 10, NULL, 1, '2023-02-09 10:46:42');
INSERT INTO `integral` VALUES (12, 3, '订阅图书', 10, NULL, 1, '2023-02-09 10:48:36');
INSERT INTO `integral` VALUES (13, 3, '订阅图书', 10, NULL, 1, '2023-02-09 10:56:58');
INSERT INTO `integral` VALUES (14, 3, '订阅图书', 10, NULL, 1, '2023-02-09 11:00:40');
INSERT INTO `integral` VALUES (15, 3, '管理员赠送', 10, 1, 0, NULL);
INSERT INTO `integral` VALUES (16, 3, '阅读图书', 2, 1, 1, NULL);
INSERT INTO `integral` VALUES (17, 41, '用户注册', 10, NULL, NULL, '2023-02-09 23:02:13');
INSERT INTO `integral` VALUES (18, 47, '用户注册', 10, NULL, NULL, '2023-02-09 23:04:06');
INSERT INTO `integral` VALUES (19, 3, '订阅图书', 10, NULL, 3, '2023-02-10 10:15:23');
INSERT INTO `integral` VALUES (20, 3, '订阅图书', 10, NULL, 3, '2023-02-10 10:27:37');
INSERT INTO `integral` VALUES (21, 2, '订阅图书', 10, NULL, 3, '2023-02-10 10:31:38');
INSERT INTO `integral` VALUES (22, 3, '阅读图书', 2, 1, 1, NULL);
INSERT INTO `integral` VALUES (23, 3, '管理员赠送', 10, 1, 0, NULL);
INSERT INTO `integral` VALUES (24, 2, '订阅图书', 10, NULL, 3, '2023-02-10 11:31:13');

-- ----------------------------
-- Table structure for lock_table
-- ----------------------------
DROP TABLE IF EXISTS `lock_table`;
CREATE TABLE `lock_table`  (
  `row_key` varchar(128) CHARACTER SET utf8mb4 COLLATE utf8mb4_0900_ai_ci NOT NULL,
  `xid` varchar(128) CHARACTER SET utf8mb4 COLLATE utf8mb4_0900_ai_ci NULL DEFAULT NULL,
  `transaction_id` bigint NULL DEFAULT NULL,
  `branch_id` bigint NOT NULL,
  `resource_id` varchar(256) CHARACTER SET utf8mb4 COLLATE utf8mb4_0900_ai_ci NULL DEFAULT NULL,
  `table_name` varchar(32) CHARACTER SET utf8mb4 COLLATE utf8mb4_0900_ai_ci NULL DEFAULT NULL,
  `pk` varchar(36) CHARACTER SET utf8mb4 COLLATE utf8mb4_0900_ai_ci NULL DEFAULT NULL,
  `status` tinyint NOT NULL DEFAULT 0 COMMENT '0:locked ,1:rollbacking',
  `gmt_create` datetime NULL DEFAULT NULL,
  `gmt_modified` datetime NULL DEFAULT NULL,
  PRIMARY KEY (`row_key`) USING BTREE,
  INDEX `idx_status`(`status` ASC) USING BTREE,
  INDEX `idx_branch_id`(`branch_id` ASC) USING BTREE,
  INDEX `idx_xid_and_branch_id`(`xid` ASC, `branch_id` ASC) USING BTREE
) ENGINE = InnoDB CHARACTER SET = utf8mb4 COLLATE = utf8mb4_0900_ai_ci ROW_FORMAT = Dynamic;

-- ----------------------------
-- Records of lock_table
-- ----------------------------

-- ----------------------------
-- Table structure for login_log
-- ----------------------------
DROP TABLE IF EXISTS `login_log`;
CREATE TABLE `login_log`  (
  `ll_id` int NOT NULL AUTO_INCREMENT,
  `su_id` int NOT NULL COMMENT '登录人id（用户、管理员）',
  `sa_id` int NOT NULL COMMENT '登录人账号',
  `ll_up_time` datetime NULL DEFAULT CURRENT_TIMESTAMP COMMENT '登录时间',
  `ll_out_time` datetime NULL DEFAULT NULL COMMENT '登出时间',
  `ll_ip` varchar(50) CHARACTER SET utf8mb4 COLLATE utf8mb4_0900_ai_ci NULL DEFAULT NULL COMMENT '登录IP',
  `ll_browser_type` varchar(50) CHARACTER SET utf8mb4 COLLATE utf8mb4_0900_ai_ci NULL DEFAULT NULL COMMENT '浏览器类型',
  `ll_clientside_type` varchar(50) CHARACTER SET utf8mb4 COLLATE utf8mb4_0900_ai_ci NULL DEFAULT NULL COMMENT '客户端类型',
  `ll_login_type` int NOT NULL DEFAULT 2 COMMENT '登录人类型 1-管理员 2-用户 3-作者',
  PRIMARY KEY (`ll_id`) USING BTREE
) ENGINE = InnoDB AUTO_INCREMENT = 160 CHARACTER SET = utf8mb4 COLLATE = utf8mb4_0900_ai_ci COMMENT = '登录日志表' ROW_FORMAT = Dynamic;

-- ----------------------------
-- Records of login_log
-- ----------------------------
INSERT INTO `login_log` VALUES (146, 1, 1001, '2023-02-09 22:33:32', NULL, '登录IP', '浏览器类型', '客户端类型', 1);
INSERT INTO `login_log` VALUES (147, 1, 1001, '2023-02-09 22:51:00', NULL, '登录IP', '浏览器类型', '客户端类型', 1);
INSERT INTO `login_log` VALUES (148, 1, 1001, '2023-02-09 23:37:29', NULL, '登录IP', '浏览器类型', '客户端类型', 1);
INSERT INTO `login_log` VALUES (149, 1, 1001, '2023-02-09 23:59:24', NULL, '登录IP', '浏览器类型', '客户端类型', 1);
INSERT INTO `login_log` VALUES (150, 1, 1001, '2023-02-10 01:56:12', NULL, '登录IP', '浏览器类型', '客户端类型', 1);
INSERT INTO `login_log` VALUES (151, 1, 1001, '2023-02-10 09:22:09', NULL, '127.0.0.1', 'Chrome/Chrome', 'PC', 1);
INSERT INTO `login_log` VALUES (152, 1, 1001, '2023-02-10 09:34:58', NULL, '登录IP', '浏览器类型', '客户端类型', 1);
INSERT INTO `login_log` VALUES (153, 1, 1001, '2023-02-10 09:48:19', NULL, '登录IP', '浏览器类型', '客户端类型', 1);
INSERT INTO `login_log` VALUES (154, 1, 1001, '2023-02-10 09:58:47', NULL, '登录IP', '浏览器类型', '客户端类型', 1);
INSERT INTO `login_log` VALUES (155, 1, 1001, '2023-02-10 10:15:19', NULL, '登录IP', '浏览器类型', '客户端类型', 1);
INSERT INTO `login_log` VALUES (156, 1, 1001, '2023-02-10 10:26:45', NULL, '登录IP', '浏览器类型', '客户端类型', 1);
INSERT INTO `login_log` VALUES (157, 1, 1001, '2023-02-10 10:38:32', NULL, '登录IP', '浏览器类型', '客户端类型', 1);
INSERT INTO `login_log` VALUES (158, 1, 1001, '2023-02-10 10:58:03', NULL, '登录IP', '浏览器类型', '客户端类型', 1);
INSERT INTO `login_log` VALUES (159, 1, 1001, '2023-02-10 11:30:50', NULL, '登录IP', '浏览器类型', '客户端类型', 1);

-- ----------------------------
-- Table structure for message
-- ----------------------------
DROP TABLE IF EXISTS `message`;
CREATE TABLE `message`  (
  `me_id` int NOT NULL AUTO_INCREMENT,
  `sys_id` int NOT NULL COMMENT '发送人id',
  `me_content` text CHARACTER SET utf8mb4 COLLATE utf8mb4_0900_ai_ci NOT NULL COMMENT '消息内容',
  `send_time` datetime NULL DEFAULT CURRENT_TIMESTAMP COMMENT '发送时间',
  `su_id` int NULL DEFAULT NULL COMMENT '接收人id',
  `me_state` int NULL DEFAULT 1 COMMENT '消息状态 0-删除 1-未接收 2-已接收',
  `receipt_time` datetime NULL DEFAULT NULL COMMENT '消息接收时间',
  PRIMARY KEY (`me_id`) USING BTREE
) ENGINE = InnoDB AUTO_INCREMENT = 23 CHARACTER SET = utf8mb4 COLLATE = utf8mb4_0900_ai_ci COMMENT = '系统消息表' ROW_FORMAT = Dynamic;

-- ----------------------------
-- Records of message
-- ----------------------------
INSERT INTO `message` VALUES (1, 6, 'Instead of wondering when your next vacation is, maybe you should set up a life you don’t need to escape from. You must be the change you wish to see in the world. Remember that failure is an event, not a person. A man is not old until regrets take the place of dreams. If opportunity doesn’t knock, build a door. Navicat is a multi-connections Database Administration tool allowing you to connect to MySQL, Oracle, PostgreSQL, SQLite, SQL Server, MariaDB and/or MongoDB databases, making database administration to multiple kinds of database so easy. Monitored servers include MySQL, MariaDB and SQL Server, and compatible with cloud databases like Amazon RDS, Amazon Aurora, Oracle Cloud, Google Cloud and Microsoft Azure. To connect to a database or schema, simply double-click it in the pane. It provides strong authentication and secure encrypted communications between two hosts, known as SSH Port Forwarding (Tunneling), over an insecure network. The repository database can be an existing MySQL, MariaDB, PostgreSQL, SQL Server, or Amazon RDS instance. A comfort zone is a beautiful place, but nothing ever grows there. In the Objects tab, you can use the List List, Detail Detail and ER Diagram ER Diagram buttons to change the object view. After comparing data, the window shows the number of records that will be inserted, updated or deleted in the target. To get a secure connection, the first thing you need to do is to install OpenSSL Library and download Database Source. Monitored servers include MySQL, MariaDB and SQL Server, and compatible with cloud databases like Amazon RDS, Amazon Aurora, Oracle Cloud, Google Cloud and Microsoft Azure. Navicat Cloud provides a cloud service for synchronizing connections, queries, model files and virtual group information from Navicat, other Navicat family members, different machines and different platforms. To open a query using an external editor, control-click it and select Open with External Editor. You can set the file path of an external editor in Preferences. It is used while your ISPs do not allow direct connections, but allows establishing HTTP connections. There is no way to happiness. Happiness is the way. Navicat 15 has added support for the system-wide dark mode. In other words, Navicat provides the ability for data in different databases and/or schemas to be kept up-to-date so that each repository contains the same information. Creativity is intelligence having fun. It wasn’t raining when Noah built the ark. In other words, Navicat provides the ability for data in different databases and/or schemas to be kept up-to-date so that each repository contains the same information. Instead of wondering when your next vacation is, maybe you should set up a life you don’t need to escape from. All journeys have secret destinations of which the traveler is unaware. To open a query using an external editor, control-click it and select Open with External Editor. You can set the file path of an external editor in Preferences. Success consists of going from failure to failure without loss of enthusiasm. Export Wizard allows you to export data from tables, collections, views, or query results to any available formats. It collects process metrics such as CPU load, RAM usage, and a variety of other resources over SSH/SNMP. Such sessions are also susceptible to session hijacking, where a malicious user takes over your session once you have authenticated. Remember that failure is an event, not a person. Remember that failure is an event, not a person. Navicat authorizes you to make connection to remote servers running on different platforms (i.e. Windows, macOS, Linux and UNIX), and supports PAM and GSSAPI authentication. A man’s best friends are his ten fingers. I destroy my enemies when I make them my friends. The repository database can be an existing MySQL, MariaDB, PostgreSQL, SQL Server, or Amazon RDS instance. All the Navicat Cloud objects are located under different projects. You can share the project to other Navicat Cloud accounts for collaboration. Navicat Monitor is a safe, simple and agentless remote server monitoring tool that is packed with powerful features to make your monitoring effective as possible. I destroy my enemies when I make them my friends. The On Startup feature allows you to control what tabs appear when you launch Navicat. If opportunity doesn’t knock, build a door. Navicat Monitor can be installed on any local computer or virtual machine and does not require any software installation on the servers being monitored. If opportunity doesn’t knock, build a door. Actually it is just in an idea when feel oneself can achieve and cannot achieve. In a Telnet session, all communications, including username and password, are transmitted in plain-text, allowing anyone to listen-in on your session and steal passwords and other information. Navicat 15 has added support for the system-wide dark mode. Monitored servers include MySQL, MariaDB and SQL Server, and compatible with cloud databases like Amazon RDS, Amazon Aurora, Oracle Cloud, Google Cloud and Microsoft Azure. Navicat allows you to transfer data from one database and/or schema to another with detailed analytical process. Always keep your eyes open. Keep watching. Because whatever you see can inspire you. Actually it is just in an idea when feel oneself can achieve and cannot achieve. Anyone who has ever made anything of importance was disciplined. What you get by achieving your goals is not as important as what you become by achieving your goals. The past has no power over the present moment. In a Telnet session, all communications, including username and password, are transmitted in plain-text, allowing anyone to listen-in on your session and steal passwords and other information. Navicat Monitor requires a repository to store alerts and metrics for historical analysis. Navicat Data Modeler enables you to build high-quality conceptual, logical and physical data models for a wide variety of audiences. To clear or reload various internal caches, flush tables, or acquire locks, control-click your connection in the Navigation pane and select Flush and choose the flush option. You must have the reload privilege to use this feature.', '2017-09-27 05:26:01', 1, 1, '2012-01-28 07:18:21');
INSERT INTO `message` VALUES (2, 5, 'It can also manage cloud databases such as Amazon Redshift, Amazon RDS, Alibaba Cloud. Features in Navicat are sophisticated enough to provide professional developers for all their specific needs, yet easy to learn for users who are new to database server. Monitored servers include MySQL, MariaDB and SQL Server, and compatible with cloud databases like Amazon RDS, Amazon Aurora, Oracle Cloud, Google Cloud and Microsoft Azure. SSH serves to prevent such vulnerabilities and allows you to access a remote server\'s shell without compromising security. If the plan doesn’t work, change the plan, but never the goal. I will greet this day with love in my heart. To successfully establish a new connection to local/remote server - no matter via SSL or SSH, set the database login information in the General tab. Champions keep playing until they get it right. HTTP Tunneling is a method for connecting to a server that uses the same protocol (http://) and the same port (port 80) as a web server does. A man’s best friends are his ten fingers. To get a secure connection, the first thing you need to do is to install OpenSSL Library and download Database Source. If the plan doesn’t work, change the plan, but never the goal. Success consists of going from failure to failure without loss of enthusiasm. After comparing data, the window shows the number of records that will be inserted, updated or deleted in the target. Navicat 15 has added support for the system-wide dark mode. With its well-designed Graphical User Interface(GUI), Navicat lets you quickly and easily create, organize, access and share information in a secure and easy way.', '2002-11-27 10:25:42', 3, 2, '2021-03-20 05:06:41');
INSERT INTO `message` VALUES (3, 2, 'Navicat Data Modeler enables you to build high-quality conceptual, logical and physical data models for a wide variety of audiences. You must be the change you wish to see in the world. Navicat 15 has added support for the system-wide dark mode. If it scares you, it might be a good thing to try. Navicat Cloud provides a cloud service for synchronizing connections, queries, model files and virtual group information from Navicat, other Navicat family members, different machines and different platforms. The first step is as good as half over. Secure Sockets Layer(SSL) is a protocol for transmitting private documents via the Internet. The Synchronize to Database function will give you a full picture of all database differences. Navicat Monitor is a safe, simple and agentless remote server monitoring tool that is packed with powerful features to make your monitoring effective as possible. How we spend our days is, of course, how we spend our lives. It provides strong authentication and secure encrypted communications between two hosts, known as SSH Port Forwarding (Tunneling), over an insecure network. You can select any connections, objects or projects, and then select the corresponding buttons on the Information Pane. Instead of wondering when your next vacation is, maybe you should set up a life you don’t need to escape from. Navicat Data Modeler is a powerful and cost-effective database design tool which helps you build high-quality conceptual, logical and physical data models. It collects process metrics such as CPU load, RAM usage, and a variety of other resources over SSH/SNMP. If the Show objects under schema in navigation pane option is checked at the Preferences window, all database objects are also displayed in the pane. After logged in the Navicat Cloud feature, the Navigation pane will be divided into Navicat Cloud and My Connections sections. You will succeed because most people are lazy. Navicat Data Modeler enables you to build high-quality conceptual, logical and physical data models for a wide variety of audiences. Actually it is just in an idea when feel oneself can achieve and cannot achieve. You must be the change you wish to see in the world. Navicat Monitor requires a repository to store alerts and metrics for historical analysis. In a Telnet session, all communications, including username and password, are transmitted in plain-text, allowing anyone to listen-in on your session and steal passwords and other information. Typically, it is employed as an encrypted version of Telnet. Navicat Monitor requires a repository to store alerts and metrics for historical analysis.', '2003-02-06 20:46:01', 10, 2, '2022-11-20 07:35:11');
INSERT INTO `message` VALUES (4, 2, 'It collects process metrics such as CPU load, RAM usage, and a variety of other resources over SSH/SNMP. The On Startup feature allows you to control what tabs appear when you launch Navicat. If the Show objects under schema in navigation pane option is checked at the Preferences window, all database objects are also displayed in the pane. Genius is an infinite capacity for taking pains. If your Internet Service Provider (ISP) does not provide direct access to its server, Secure Tunneling Protocol (SSH) / HTTP is another solution. There is no way to happiness. Happiness is the way. Secure SHell (SSH) is a program to log in into another computer over a network, execute commands on a remote server, and move files from one machine to another. Navicat is a multi-connections Database Administration tool allowing you to connect to MySQL, Oracle, PostgreSQL, SQLite, SQL Server, MariaDB and/or MongoDB databases, making database administration to multiple kinds of database so easy. The Navigation pane employs tree structure which allows you to take action upon the database and their objects through their pop-up menus quickly and easily. A comfort zone is a beautiful place, but nothing ever grows there. Always keep your eyes open. Keep watching. Because whatever you see can inspire you. If it scares you, it might be a good thing to try. Genius is an infinite capacity for taking pains. Success consists of going from failure to failure without loss of enthusiasm. With its well-designed Graphical User Interface(GUI), Navicat lets you quickly and easily create, organize, access and share information in a secure and easy way. There is no way to happiness. Happiness is the way. To connect to a database or schema, simply double-click it in the pane. It provides strong authentication and secure encrypted communications between two hosts, known as SSH Port Forwarding (Tunneling), over an insecure network. To get a secure connection, the first thing you need to do is to install OpenSSL Library and download Database Source. Actually it is just in an idea when feel oneself can achieve and cannot achieve. The On Startup feature allows you to control what tabs appear when you launch Navicat. Navicat allows you to transfer data from one database and/or schema to another with detailed analytical process. Actually it is just in an idea when feel oneself can achieve and cannot achieve. Navicat authorizes you to make connection to remote servers running on different platforms (i.e. Windows, macOS, Linux and UNIX), and supports PAM and GSSAPI authentication.', '2004-03-15 12:14:48', 4, 2, '2019-05-23 05:55:55');
INSERT INTO `message` VALUES (5, 6, 'SSH serves to prevent such vulnerabilities and allows you to access a remote server\'s shell without compromising security. All journeys have secret destinations of which the traveler is unaware. You can select any connections, objects or projects, and then select the corresponding buttons on the Information Pane. Navicat Data Modeler is a powerful and cost-effective database design tool which helps you build high-quality conceptual, logical and physical data models. Secure Sockets Layer(SSL) is a protocol for transmitting private documents via the Internet. Navicat Data Modeler is a powerful and cost-effective database design tool which helps you build high-quality conceptual, logical and physical data models. Navicat authorizes you to make connection to remote servers running on different platforms (i.e. Windows, macOS, Linux and UNIX), and supports PAM and GSSAPI authentication. With its well-designed Graphical User Interface(GUI), Navicat lets you quickly and easily create, organize, access and share information in a secure and easy way. If the Show objects under schema in navigation pane option is checked at the Preferences window, all database objects are also displayed in the pane. With its well-designed Graphical User Interface(GUI), Navicat lets you quickly and easily create, organize, access and share information in a secure and easy way. If it scares you, it might be a good thing to try. All the Navicat Cloud objects are located under different projects. You can share the project to other Navicat Cloud accounts for collaboration. In other words, Navicat provides the ability for data in different databases and/or schemas to be kept up-to-date so that each repository contains the same information. The Main Window consists of several toolbars and panes for you to work on connections, database objects and advanced tools. Secure Sockets Layer(SSL) is a protocol for transmitting private documents via the Internet. SSH serves to prevent such vulnerabilities and allows you to access a remote server\'s shell without compromising security. Navicat Monitor requires a repository to store alerts and metrics for historical analysis. What you get by achieving your goals is not as important as what you become by achieving your goals. Export Wizard allows you to export data from tables, collections, views, or query results to any available formats. Navicat Data Modeler is a powerful and cost-effective database design tool which helps you build high-quality conceptual, logical and physical data models. Navicat provides powerful tools for working with queries: Query Editor for editing the query text directly, and Query Builder, Find Builder or Aggregate Builder for building queries visually. After logged in the Navicat Cloud feature, the Navigation pane will be divided into Navicat Cloud and My Connections sections. I will greet this day with love in my heart. Navicat Cloud could not connect and access your databases. By which it means, it could only store your connection settings, queries, model files, and virtual group; your database passwords and data (e.g. tables, views, etc) will not be stored to Navicat Cloud. Typically, it is employed as an encrypted version of Telnet. Success consists of going from failure to failure without loss of enthusiasm. Export Wizard allows you to export data from tables, collections, views, or query results to any available formats. I may not have gone where I intended to go, but I think I have ended up where I needed to be. In the Objects tab, you can use the List List, Detail Detail and ER Diagram ER Diagram buttons to change the object view. Export Wizard allows you to export data from tables, collections, views, or query results to any available formats. A query is used to extract data from the database in a readable format according to the user\'s request. Secure SHell (SSH) is a program to log in into another computer over a network, execute commands on a remote server, and move files from one machine to another. A man is not old until regrets take the place of dreams. Difficult circumstances serve as a textbook of life for people. Secure Sockets Layer(SSL) is a protocol for transmitting private documents via the Internet. SSH serves to prevent such vulnerabilities and allows you to access a remote server\'s shell without compromising security. After comparing data, the window shows the number of records that will be inserted, updated or deleted in the target. Navicat 15 has added support for the system-wide dark mode. Secure Sockets Layer(SSL) is a protocol for transmitting private documents via the Internet. Secure Sockets Layer(SSL) is a protocol for transmitting private documents via the Internet. All the Navicat Cloud objects are located under different projects. You can share the project to other Navicat Cloud accounts for collaboration. If the plan doesn’t work, change the plan, but never the goal. It wasn’t raining when Noah built the ark. The past has no power over the present moment. Actually it is just in an idea when feel oneself can achieve and cannot achieve. If the Show objects under schema in navigation pane option is checked at the Preferences window, all database objects are also displayed in the pane. The reason why a great man is great is that he resolves to be a great man. Such sessions are also susceptible to session hijacking, where a malicious user takes over your session once you have authenticated. If opportunity doesn’t knock, build a door. To connect to a database or schema, simply double-click it in the pane. What you get by achieving your goals is not as important as what you become by achieving your goals. To successfully establish a new connection to local/remote server - no matter via SSL, SSH or HTTP, set the database login information in the General tab. It collects process metrics such as CPU load, RAM usage, and a variety of other resources over SSH/SNMP. I destroy my enemies when I make them my friends. In the middle of winter I at last discovered that there was in me an invincible summer. A query is used to extract data from the database in a readable format according to the user\'s request. I may not have gone where I intended to go, but I think I have ended up where I needed to be. It wasn’t raining when Noah built the ark. Anyone who has never made a mistake has never tried anything new. If the plan doesn’t work, change the plan, but never the goal. Anyone who has ever made anything of importance was disciplined. Navicat Cloud provides a cloud service for synchronizing connections, queries, model files and virtual group information from Navicat, other Navicat family members, different machines and different platforms.', '2008-05-23 11:42:06', 7, 1, '2002-05-12 11:05:31');
INSERT INTO `message` VALUES (6, 2, 'Navicat Monitor requires a repository to store alerts and metrics for historical analysis. The Main Window consists of several toolbars and panes for you to work on connections, database objects and advanced tools. You must be the change you wish to see in the world. Difficult circumstances serve as a textbook of life for people. You will succeed because most people are lazy. The On Startup feature allows you to control what tabs appear when you launch Navicat. The Information Pane shows the detailed object information, project activities, the DDL of database objects, object dependencies, membership of users/roles and preview. Champions keep playing until they get it right. SSH serves to prevent such vulnerabilities and allows you to access a remote server\'s shell without compromising security. The Synchronize to Database function will give you a full picture of all database differences. To clear or reload various internal caches, flush tables, or acquire locks, control-click your connection in the Navigation pane and select Flush and choose the flush option. You must have the reload privilege to use this feature. It wasn’t raining when Noah built the ark. All journeys have secret destinations of which the traveler is unaware. Anyone who has never made a mistake has never tried anything new. Navicat provides a wide range advanced features, such as compelling code editing capabilities, smart code-completion, SQL formatting, and more. Secure SHell (SSH) is a program to log in into another computer over a network, execute commands on a remote server, and move files from one machine to another. If the Show objects under schema in navigation pane option is checked at the Preferences window, all database objects are also displayed in the pane. Instead of wondering when your next vacation is, maybe you should set up a life you don’t need to escape from. Monitored servers include MySQL, MariaDB and SQL Server, and compatible with cloud databases like Amazon RDS, Amazon Aurora, Oracle Cloud, Google Cloud and Microsoft Azure. In the Objects tab, you can use the List List, Detail Detail and ER Diagram ER Diagram buttons to change the object view. It is used while your ISPs do not allow direct connections, but allows establishing HTTP connections. A query is used to extract data from the database in a readable format according to the user\'s request. All journeys have secret destinations of which the traveler is unaware. Secure Sockets Layer(SSL) is a protocol for transmitting private documents via the Internet. After comparing data, the window shows the number of records that will be inserted, updated or deleted in the target. Navicat Monitor requires a repository to store alerts and metrics for historical analysis. Navicat 15 has added support for the system-wide dark mode. After comparing data, the window shows the number of records that will be inserted, updated or deleted in the target. Navicat authorizes you to make connection to remote servers running on different platforms (i.e. Windows, macOS, Linux and UNIX), and supports PAM and GSSAPI authentication. After comparing data, the window shows the number of records that will be inserted, updated or deleted in the target. The Main Window consists of several toolbars and panes for you to work on connections, database objects and advanced tools. To open a query using an external editor, control-click it and select Open with External Editor. You can set the file path of an external editor in Preferences. Navicat Monitor requires a repository to store alerts and metrics for historical analysis. Anyone who has never made a mistake has never tried anything new. Secure SHell (SSH) is a program to log in into another computer over a network, execute commands on a remote server, and move files from one machine to another. I may not have gone where I intended to go, but I think I have ended up where I needed to be. It can also manage cloud databases such as Amazon Redshift, Amazon RDS, Alibaba Cloud. Features in Navicat are sophisticated enough to provide professional developers for all their specific needs, yet easy to learn for users who are new to database server.', '2020-07-04 11:08:53', 8, 1, '2000-07-04 22:01:16');
INSERT INTO `message` VALUES (7, 7, 'It provides strong authentication and secure encrypted communications between two hosts, known as SSH Port Forwarding (Tunneling), over an insecure network. Remember that failure is an event, not a person. Navicat provides powerful tools for working with queries: Query Editor for editing the query text directly, and Query Builder, Find Builder or Aggregate Builder for building queries visually. Flexible settings enable you to set up a custom key for comparison and synchronization. The Main Window consists of several toolbars and panes for you to work on connections, database objects and advanced tools. If you wait, all that happens is you get older. The past has no power over the present moment. The first step is as good as half over. I destroy my enemies when I make them my friends. A query is used to extract data from the database in a readable format according to the user\'s request. The Information Pane shows the detailed object information, project activities, the DDL of database objects, object dependencies, membership of users/roles and preview. There is no way to happiness. Happiness is the way. The On Startup feature allows you to control what tabs appear when you launch Navicat. All journeys have secret destinations of which the traveler is unaware. Creativity is intelligence having fun. Instead of wondering when your next vacation is, maybe you should set up a life you don’t need to escape from. Instead of wondering when your next vacation is, maybe you should set up a life you don’t need to escape from. Remember that failure is an event, not a person. Import Wizard allows you to import data to tables/collections from CSV, TXT, XML, DBF and more. To connect to a database or schema, simply double-click it in the pane. To get a secure connection, the first thing you need to do is to install OpenSSL Library and download Database Source. A man is not old until regrets take the place of dreams. Flexible settings enable you to set up a custom key for comparison and synchronization. It is used while your ISPs do not allow direct connections, but allows establishing HTTP connections. Actually it is just in an idea when feel oneself can achieve and cannot achieve. SSH serves to prevent such vulnerabilities and allows you to access a remote server\'s shell without compromising security. The repository database can be an existing MySQL, MariaDB, PostgreSQL, SQL Server, or Amazon RDS instance. You must be the change you wish to see in the world. I may not have gone where I intended to go, but I think I have ended up where I needed to be. Navicat Monitor can be installed on any local computer or virtual machine and does not require any software installation on the servers being monitored. SSH serves to prevent such vulnerabilities and allows you to access a remote server\'s shell without compromising security. If the plan doesn’t work, change the plan, but never the goal. Anyone who has never made a mistake has never tried anything new. If you wait, all that happens is you get older. Navicat is a multi-connections Database Administration tool allowing you to connect to MySQL, Oracle, PostgreSQL, SQLite, SQL Server, MariaDB and/or MongoDB databases, making database administration to multiple kinds of database so easy. In the middle of winter I at last discovered that there was in me an invincible summer. Secure Sockets Layer(SSL) is a protocol for transmitting private documents via the Internet. If you wait, all that happens is you get older. Navicat Data Modeler is a powerful and cost-effective database design tool which helps you build high-quality conceptual, logical and physical data models. If it scares you, it might be a good thing to try. Always keep your eyes open. Keep watching. Because whatever you see can inspire you. In a Telnet session, all communications, including username and password, are transmitted in plain-text, allowing anyone to listen-in on your session and steal passwords and other information. You must be the change you wish to see in the world. If the plan doesn’t work, change the plan, but never the goal. Typically, it is employed as an encrypted version of Telnet. To start working with your server in Navicat, you should first establish a connection or several connections using the Connection window. A query is used to extract data from the database in a readable format according to the user\'s request. Export Wizard allows you to export data from tables, collections, views, or query results to any available formats. Anyone who has never made a mistake has never tried anything new. In other words, Navicat provides the ability for data in different databases and/or schemas to be kept up-to-date so that each repository contains the same information. After logged in the Navicat Cloud feature, the Navigation pane will be divided into Navicat Cloud and My Connections sections. Anyone who has never made a mistake has never tried anything new. Creativity is intelligence having fun. It wasn’t raining when Noah built the ark. Navicat allows you to transfer data from one database and/or schema to another with detailed analytical process. Flexible settings enable you to set up a custom key for comparison and synchronization. Navicat Data Modeler enables you to build high-quality conceptual, logical and physical data models for a wide variety of audiences. How we spend our days is, of course, how we spend our lives. To get a secure connection, the first thing you need to do is to install OpenSSL Library and download Database Source. If the plan doesn’t work, change the plan, but never the goal. Navicat is a multi-connections Database Administration tool allowing you to connect to MySQL, Oracle, PostgreSQL, SQLite, SQL Server, MariaDB and/or MongoDB databases, making database administration to multiple kinds of database so easy. Actually it is just in an idea when feel oneself can achieve and cannot achieve. The repository database can be an existing MySQL, MariaDB, PostgreSQL, SQL Server, or Amazon RDS instance.', '2005-05-28 04:40:14', 7, 2, '2018-04-13 17:13:16');
INSERT INTO `message` VALUES (8, 2, 'The Information Pane shows the detailed object information, project activities, the DDL of database objects, object dependencies, membership of users/roles and preview. Navicat provides powerful tools for working with queries: Query Editor for editing the query text directly, and Query Builder, Find Builder or Aggregate Builder for building queries visually. A query is used to extract data from the database in a readable format according to the user\'s request. Optimism is the one quality more associated with success and happiness than any other. Secure Sockets Layer(SSL) is a protocol for transmitting private documents via the Internet. Remember that failure is an event, not a person. You cannot save people, you can just love them. A man’s best friends are his ten fingers. Navicat Monitor can be installed on any local computer or virtual machine and does not require any software installation on the servers being monitored. Navicat Cloud could not connect and access your databases. By which it means, it could only store your connection settings, queries, model files, and virtual group; your database passwords and data (e.g. tables, views, etc) will not be stored to Navicat Cloud. Success consists of going from failure to failure without loss of enthusiasm. The On Startup feature allows you to control what tabs appear when you launch Navicat. Navicat Monitor is a safe, simple and agentless remote server monitoring tool that is packed with powerful features to make your monitoring effective as possible. It can also manage cloud databases such as Amazon Redshift, Amazon RDS, Alibaba Cloud. Features in Navicat are sophisticated enough to provide professional developers for all their specific needs, yet easy to learn for users who are new to database server. Navicat allows you to transfer data from one database and/or schema to another with detailed analytical process. The repository database can be an existing MySQL, MariaDB, PostgreSQL, SQL Server, or Amazon RDS instance. Navicat 15 has added support for the system-wide dark mode. To connect to a database or schema, simply double-click it in the pane. Sometimes you win, sometimes you learn. Navicat Cloud provides a cloud service for synchronizing connections, queries, model files and virtual group information from Navicat, other Navicat family members, different machines and different platforms. A man is not old until regrets take the place of dreams. The repository database can be an existing MySQL, MariaDB, PostgreSQL, SQL Server, or Amazon RDS instance. The repository database can be an existing MySQL, MariaDB, PostgreSQL, SQL Server, or Amazon RDS instance. I will greet this day with love in my heart. After logged in the Navicat Cloud feature, the Navigation pane will be divided into Navicat Cloud and My Connections sections. In a Telnet session, all communications, including username and password, are transmitted in plain-text, allowing anyone to listen-in on your session and steal passwords and other information. You will succeed because most people are lazy. Navicat Cloud provides a cloud service for synchronizing connections, queries, model files and virtual group information from Navicat, other Navicat family members, different machines and different platforms. The Navigation pane employs tree structure which allows you to take action upon the database and their objects through their pop-up menus quickly and easily. The past has no power over the present moment. A comfort zone is a beautiful place, but nothing ever grows there. Import Wizard allows you to import data to tables/collections from CSV, TXT, XML, DBF and more. If opportunity doesn’t knock, build a door. Typically, it is employed as an encrypted version of Telnet. It is used while your ISPs do not allow direct connections, but allows establishing HTTP connections. Navicat Cloud could not connect and access your databases. By which it means, it could only store your connection settings, queries, model files, and virtual group; your database passwords and data (e.g. tables, views, etc) will not be stored to Navicat Cloud. A comfort zone is a beautiful place, but nothing ever grows there. A man is not old until regrets take the place of dreams. It is used while your ISPs do not allow direct connections, but allows establishing HTTP connections. Navicat is a multi-connections Database Administration tool allowing you to connect to MySQL, Oracle, PostgreSQL, SQLite, SQL Server, MariaDB and/or MongoDB databases, making database administration to multiple kinds of database so easy. After logged in the Navicat Cloud feature, the Navigation pane will be divided into Navicat Cloud and My Connections sections. In other words, Navicat provides the ability for data in different databases and/or schemas to be kept up-to-date so that each repository contains the same information. Navicat allows you to transfer data from one database and/or schema to another with detailed analytical process. Success consists of going from failure to failure without loss of enthusiasm. SQL Editor allows you to create and edit SQL text, prepare and execute selected queries. If your Internet Service Provider (ISP) does not provide direct access to its server, Secure Tunneling Protocol (SSH) / HTTP is another solution. Actually it is just in an idea when feel oneself can achieve and cannot achieve. If the Show objects under schema in navigation pane option is checked at the Preferences window, all database objects are also displayed in the pane. Remember that failure is an event, not a person. The past has no power over the present moment. Actually it is just in an idea when feel oneself can achieve and cannot achieve. Instead of wondering when your next vacation is, maybe you should set up a life you don’t need to escape from. To connect to a database or schema, simply double-click it in the pane. To start working with your server in Navicat, you should first establish a connection or several connections using the Connection window. I will greet this day with love in my heart. Anyone who has ever made anything of importance was disciplined. Creativity is intelligence having fun. Anyone who has ever made anything of importance was disciplined. The Main Window consists of several toolbars and panes for you to work on connections, database objects and advanced tools. Navicat Cloud could not connect and access your databases. By which it means, it could only store your connection settings, queries, model files, and virtual group; your database passwords and data (e.g. tables, views, etc) will not be stored to Navicat Cloud. Anyone who has never made a mistake has never tried anything new. Actually it is just in an idea when feel oneself can achieve and cannot achieve. Success consists of going from failure to failure without loss of enthusiasm. Navicat Cloud could not connect and access your databases. By which it means, it could only store your connection settings, queries, model files, and virtual group; your database passwords and data (e.g. tables, views, etc) will not be stored to Navicat Cloud. All the Navicat Cloud objects are located under different projects. You can share the project to other Navicat Cloud accounts for collaboration. With its well-designed Graphical User Interface(GUI), Navicat lets you quickly and easily create, organize, access and share information in a secure and easy way. Navicat Monitor requires a repository to store alerts and metrics for historical analysis. Instead of wondering when your next vacation is, maybe you should set up a life you don’t need to escape from. Remember that failure is an event, not a person. You can select any connections, objects or projects, and then select the corresponding buttons on the Information Pane.', '2013-07-08 13:25:45', 7, 1, '2015-11-25 22:16:39');
INSERT INTO `message` VALUES (9, 5, 'If it scares you, it might be a good thing to try. Navicat Data Modeler enables you to build high-quality conceptual, logical and physical data models for a wide variety of audiences. The On Startup feature allows you to control what tabs appear when you launch Navicat. A query is used to extract data from the database in a readable format according to the user\'s request. If you wait, all that happens is you get older. You will succeed because most people are lazy. Flexible settings enable you to set up a custom key for comparison and synchronization. It provides strong authentication and secure encrypted communications between two hosts, known as SSH Port Forwarding (Tunneling), over an insecure network. Creativity is intelligence having fun. It can also manage cloud databases such as Amazon Redshift, Amazon RDS, Alibaba Cloud. Features in Navicat are sophisticated enough to provide professional developers for all their specific needs, yet easy to learn for users who are new to database server. Instead of wondering when your next vacation is, maybe you should set up a life you don’t need to escape from. If opportunity doesn’t knock, build a door. To successfully establish a new connection to local/remote server - no matter via SSL or SSH, set the database login information in the General tab. To open a query using an external editor, control-click it and select Open with External Editor. You can set the file path of an external editor in Preferences. Navicat Data Modeler is a powerful and cost-effective database design tool which helps you build high-quality conceptual, logical and physical data models. Navicat allows you to transfer data from one database and/or schema to another with detailed analytical process. Navicat Monitor can be installed on any local computer or virtual machine and does not require any software installation on the servers being monitored. I may not have gone where I intended to go, but I think I have ended up where I needed to be. The first step is as good as half over. Navicat Monitor requires a repository to store alerts and metrics for historical analysis. You cannot save people, you can just love them. It wasn’t raining when Noah built the ark. Navicat Monitor is a safe, simple and agentless remote server monitoring tool that is packed with powerful features to make your monitoring effective as possible. SQL Editor allows you to create and edit SQL text, prepare and execute selected queries. Secure SHell (SSH) is a program to log in into another computer over a network, execute commands on a remote server, and move files from one machine to another. If the Show objects under schema in navigation pane option is checked at the Preferences window, all database objects are also displayed in the pane. Instead of wondering when your next vacation is, maybe you should set up a life you don’t need to escape from. The past has no power over the present moment. Secure Sockets Layer(SSL) is a protocol for transmitting private documents via the Internet. In the Objects tab, you can use the List List, Detail Detail and ER Diagram ER Diagram buttons to change the object view. Always keep your eyes open. Keep watching. Because whatever you see can inspire you. Navicat authorizes you to make connection to remote servers running on different platforms (i.e. Windows, macOS, Linux and UNIX), and supports PAM and GSSAPI authentication. Optimism is the one quality more associated with success and happiness than any other. To successfully establish a new connection to local/remote server - no matter via SSL, SSH or HTTP, set the database login information in the General tab. Navicat Data Modeler is a powerful and cost-effective database design tool which helps you build high-quality conceptual, logical and physical data models. Import Wizard allows you to import data to tables/collections from CSV, TXT, XML, DBF and more. Such sessions are also susceptible to session hijacking, where a malicious user takes over your session once you have authenticated. Actually it is just in an idea when feel oneself can achieve and cannot achieve.', '2004-03-15 16:30:18', 1, 2, '2021-09-10 15:26:07');
INSERT INTO `message` VALUES (10, 2, 'Genius is an infinite capacity for taking pains. Sometimes you win, sometimes you learn. Genius is an infinite capacity for taking pains. In the Objects tab, you can use the List List, Detail Detail and ER Diagram ER Diagram buttons to change the object view. Optimism is the one quality more associated with success and happiness than any other. If the Show objects under schema in navigation pane option is checked at the Preferences window, all database objects are also displayed in the pane. If it scares you, it might be a good thing to try. I may not have gone where I intended to go, but I think I have ended up where I needed to be. Navicat Monitor is a safe, simple and agentless remote server monitoring tool that is packed with powerful features to make your monitoring effective as possible. Navicat Data Modeler enables you to build high-quality conceptual, logical and physical data models for a wide variety of audiences. The reason why a great man is great is that he resolves to be a great man. What you get by achieving your goals is not as important as what you become by achieving your goals. All the Navicat Cloud objects are located under different projects. You can share the project to other Navicat Cloud accounts for collaboration. Typically, it is employed as an encrypted version of Telnet. Actually it is just in an idea when feel oneself can achieve and cannot achieve. Such sessions are also susceptible to session hijacking, where a malicious user takes over your session once you have authenticated. Navicat provides a wide range advanced features, such as compelling code editing capabilities, smart code-completion, SQL formatting, and more. All journeys have secret destinations of which the traveler is unaware. Monitored servers include MySQL, MariaDB and SQL Server, and compatible with cloud databases like Amazon RDS, Amazon Aurora, Oracle Cloud, Google Cloud and Microsoft Azure. If opportunity doesn’t knock, build a door. Navicat Cloud provides a cloud service for synchronizing connections, queries, model files and virtual group information from Navicat, other Navicat family members, different machines and different platforms. Typically, it is employed as an encrypted version of Telnet. Optimism is the one quality more associated with success and happiness than any other. A query is used to extract data from the database in a readable format according to the user\'s request. In a Telnet session, all communications, including username and password, are transmitted in plain-text, allowing anyone to listen-in on your session and steal passwords and other information. The On Startup feature allows you to control what tabs appear when you launch Navicat. To get a secure connection, the first thing you need to do is to install OpenSSL Library and download Database Source. The Information Pane shows the detailed object information, project activities, the DDL of database objects, object dependencies, membership of users/roles and preview. Sometimes you win, sometimes you learn. Anyone who has never made a mistake has never tried anything new. The repository database can be an existing MySQL, MariaDB, PostgreSQL, SQL Server, or Amazon RDS instance. Navicat provides powerful tools for working with queries: Query Editor for editing the query text directly, and Query Builder, Find Builder or Aggregate Builder for building queries visually. HTTP Tunneling is a method for connecting to a server that uses the same protocol (http://) and the same port (port 80) as a web server does. Champions keep playing until they get it right. Remember that failure is an event, not a person. Navicat provides powerful tools for working with queries: Query Editor for editing the query text directly, and Query Builder, Find Builder or Aggregate Builder for building queries visually. The Synchronize to Database function will give you a full picture of all database differences. After comparing data, the window shows the number of records that will be inserted, updated or deleted in the target. A man is not old until regrets take the place of dreams. In the Objects tab, you can use the List List, Detail Detail and ER Diagram ER Diagram buttons to change the object view. You can select any connections, objects or projects, and then select the corresponding buttons on the Information Pane. If you wait, all that happens is you get older. I may not have gone where I intended to go, but I think I have ended up where I needed to be. It is used while your ISPs do not allow direct connections, but allows establishing HTTP connections. If the Show objects under schema in navigation pane option is checked at the Preferences window, all database objects are also displayed in the pane. Navicat Cloud could not connect and access your databases. By which it means, it could only store your connection settings, queries, model files, and virtual group; your database passwords and data (e.g. tables, views, etc) will not be stored to Navicat Cloud. Flexible settings enable you to set up a custom key for comparison and synchronization. If your Internet Service Provider (ISP) does not provide direct access to its server, Secure Tunneling Protocol (SSH) / HTTP is another solution. Optimism is the one quality more associated with success and happiness than any other. After logged in the Navicat Cloud feature, the Navigation pane will be divided into Navicat Cloud and My Connections sections. If you wait, all that happens is you get older. I will greet this day with love in my heart. Navicat provides powerful tools for working with queries: Query Editor for editing the query text directly, and Query Builder, Find Builder or Aggregate Builder for building queries visually. In other words, Navicat provides the ability for data in different databases and/or schemas to be kept up-to-date so that each repository contains the same information. To successfully establish a new connection to local/remote server - no matter via SSL or SSH, set the database login information in the General tab. All journeys have secret destinations of which the traveler is unaware. What you get by achieving your goals is not as important as what you become by achieving your goals. In a Telnet session, all communications, including username and password, are transmitted in plain-text, allowing anyone to listen-in on your session and steal passwords and other information. It is used while your ISPs do not allow direct connections, but allows establishing HTTP connections. A man’s best friends are his ten fingers. The Main Window consists of several toolbars and panes for you to work on connections, database objects and advanced tools. With its well-designed Graphical User Interface(GUI), Navicat lets you quickly and easily create, organize, access and share information in a secure and easy way. The first step is as good as half over. The Navigation pane employs tree structure which allows you to take action upon the database and their objects through their pop-up menus quickly and easily. It is used while your ISPs do not allow direct connections, but allows establishing HTTP connections. Navicat provides powerful tools for working with queries: Query Editor for editing the query text directly, and Query Builder, Find Builder or Aggregate Builder for building queries visually. I will greet this day with love in my heart. After comparing data, the window shows the number of records that will be inserted, updated or deleted in the target. The Information Pane shows the detailed object information, project activities, the DDL of database objects, object dependencies, membership of users/roles and preview. The first step is as good as half over. If opportunity doesn’t knock, build a door. The Information Pane shows the detailed object information, project activities, the DDL of database objects, object dependencies, membership of users/roles and preview. If you wait, all that happens is you get older.', '2002-02-15 21:09:01', 3, 1, '2003-11-04 04:44:32');
INSERT INTO `message` VALUES (11, 2, 'Monitored servers include MySQL, MariaDB and SQL Server, and compatible with cloud databases like Amazon RDS, Amazon Aurora, Oracle Cloud, Google Cloud and Microsoft Azure. Navicat Monitor is a safe, simple and agentless remote server monitoring tool that is packed with powerful features to make your monitoring effective as possible. What you get by achieving your goals is not as important as what you become by achieving your goals. Navicat Monitor is a safe, simple and agentless remote server monitoring tool that is packed with powerful features to make your monitoring effective as possible. A query is used to extract data from the database in a readable format according to the user\'s request. A man is not old until regrets take the place of dreams. You will succeed because most people are lazy. What you get by achieving your goals is not as important as what you become by achieving your goals. Flexible settings enable you to set up a custom key for comparison and synchronization. Genius is an infinite capacity for taking pains. Success consists of going from failure to failure without loss of enthusiasm. Export Wizard allows you to export data from tables, collections, views, or query results to any available formats. Navicat 15 has added support for the system-wide dark mode. Anyone who has ever made anything of importance was disciplined. Navicat 15 has added support for the system-wide dark mode. The past has no power over the present moment. It is used while your ISPs do not allow direct connections, but allows establishing HTTP connections. Genius is an infinite capacity for taking pains. If your Internet Service Provider (ISP) does not provide direct access to its server, Secure Tunneling Protocol (SSH) / HTTP is another solution. If your Internet Service Provider (ISP) does not provide direct access to its server, Secure Tunneling Protocol (SSH) / HTTP is another solution. There is no way to happiness. Happiness is the way. Monitored servers include MySQL, MariaDB and SQL Server, and compatible with cloud databases like Amazon RDS, Amazon Aurora, Oracle Cloud, Google Cloud and Microsoft Azure. It provides strong authentication and secure encrypted communications between two hosts, known as SSH Port Forwarding (Tunneling), over an insecure network. Always keep your eyes open. Keep watching. Because whatever you see can inspire you. You must be the change you wish to see in the world. Navicat is a multi-connections Database Administration tool allowing you to connect to MySQL, Oracle, PostgreSQL, SQLite, SQL Server, MariaDB and/or MongoDB databases, making database administration to multiple kinds of database so easy. The Synchronize to Database function will give you a full picture of all database differences. Navicat provides a wide range advanced features, such as compelling code editing capabilities, smart code-completion, SQL formatting, and more. To start working with your server in Navicat, you should first establish a connection or several connections using the Connection window. To start working with your server in Navicat, you should first establish a connection or several connections using the Connection window. All journeys have secret destinations of which the traveler is unaware. To connect to a database or schema, simply double-click it in the pane. Navicat Data Modeler enables you to build high-quality conceptual, logical and physical data models for a wide variety of audiences. With its well-designed Graphical User Interface(GUI), Navicat lets you quickly and easily create, organize, access and share information in a secure and easy way. The past has no power over the present moment. Such sessions are also susceptible to session hijacking, where a malicious user takes over your session once you have authenticated. It provides strong authentication and secure encrypted communications between two hosts, known as SSH Port Forwarding (Tunneling), over an insecure network. Remember that failure is an event, not a person. The reason why a great man is great is that he resolves to be a great man. If your Internet Service Provider (ISP) does not provide direct access to its server, Secure Tunneling Protocol (SSH) / HTTP is another solution. It provides strong authentication and secure encrypted communications between two hosts, known as SSH Port Forwarding (Tunneling), over an insecure network. To connect to a database or schema, simply double-click it in the pane. The Synchronize to Database function will give you a full picture of all database differences. To open a query using an external editor, control-click it and select Open with External Editor. You can set the file path of an external editor in Preferences.', '2012-04-15 16:14:34', 10, 1, '2018-10-05 15:30:04');
INSERT INTO `message` VALUES (12, 9, 'If your Internet Service Provider (ISP) does not provide direct access to its server, Secure Tunneling Protocol (SSH) / HTTP is another solution. Such sessions are also susceptible to session hijacking, where a malicious user takes over your session once you have authenticated. Navicat authorizes you to make connection to remote servers running on different platforms (i.e. Windows, macOS, Linux and UNIX), and supports PAM and GSSAPI authentication. After logged in the Navicat Cloud feature, the Navigation pane will be divided into Navicat Cloud and My Connections sections. Monitored servers include MySQL, MariaDB and SQL Server, and compatible with cloud databases like Amazon RDS, Amazon Aurora, Oracle Cloud, Google Cloud and Microsoft Azure. The Navigation pane employs tree structure which allows you to take action upon the database and their objects through their pop-up menus quickly and easily. Navicat is a multi-connections Database Administration tool allowing you to connect to MySQL, Oracle, PostgreSQL, SQLite, SQL Server, MariaDB and/or MongoDB databases, making database administration to multiple kinds of database so easy. In the middle of winter I at last discovered that there was in me an invincible summer. Navicat Cloud provides a cloud service for synchronizing connections, queries, model files and virtual group information from Navicat, other Navicat family members, different machines and different platforms. Navicat authorizes you to make connection to remote servers running on different platforms (i.e. Windows, macOS, Linux and UNIX), and supports PAM and GSSAPI authentication. To successfully establish a new connection to local/remote server - no matter via SSL, SSH or HTTP, set the database login information in the General tab. If the Show objects under schema in navigation pane option is checked at the Preferences window, all database objects are also displayed in the pane. Creativity is intelligence having fun. Navicat provides powerful tools for working with queries: Query Editor for editing the query text directly, and Query Builder, Find Builder or Aggregate Builder for building queries visually. Monitored servers include MySQL, MariaDB and SQL Server, and compatible with cloud databases like Amazon RDS, Amazon Aurora, Oracle Cloud, Google Cloud and Microsoft Azure. All the Navicat Cloud objects are located under different projects. You can share the project to other Navicat Cloud accounts for collaboration. The Information Pane shows the detailed object information, project activities, the DDL of database objects, object dependencies, membership of users/roles and preview. In the middle of winter I at last discovered that there was in me an invincible summer. Navicat provides a wide range advanced features, such as compelling code editing capabilities, smart code-completion, SQL formatting, and more. You will succeed because most people are lazy. Anyone who has never made a mistake has never tried anything new. How we spend our days is, of course, how we spend our lives. To connect to a database or schema, simply double-click it in the pane. The repository database can be an existing MySQL, MariaDB, PostgreSQL, SQL Server, or Amazon RDS instance. If it scares you, it might be a good thing to try. A comfort zone is a beautiful place, but nothing ever grows there. Anyone who has ever made anything of importance was disciplined. Actually it is just in an idea when feel oneself can achieve and cannot achieve. Secure Sockets Layer(SSL) is a protocol for transmitting private documents via the Internet. Anyone who has ever made anything of importance was disciplined. Navicat Monitor is a safe, simple and agentless remote server monitoring tool that is packed with powerful features to make your monitoring effective as possible. All the Navicat Cloud objects are located under different projects. You can share the project to other Navicat Cloud accounts for collaboration. The Navigation pane employs tree structure which allows you to take action upon the database and their objects through their pop-up menus quickly and easily. The first step is as good as half over. To open a query using an external editor, control-click it and select Open with External Editor. You can set the file path of an external editor in Preferences. Always keep your eyes open. Keep watching. Because whatever you see can inspire you. Optimism is the one quality more associated with success and happiness than any other. Navicat provides powerful tools for working with queries: Query Editor for editing the query text directly, and Query Builder, Find Builder or Aggregate Builder for building queries visually. Always keep your eyes open. Keep watching. Because whatever you see can inspire you. Navicat Monitor is a safe, simple and agentless remote server monitoring tool that is packed with powerful features to make your monitoring effective as possible. Secure Sockets Layer(SSL) is a protocol for transmitting private documents via the Internet. To clear or reload various internal caches, flush tables, or acquire locks, control-click your connection in the Navigation pane and select Flush and choose the flush option. You must have the reload privilege to use this feature. The Navigation pane employs tree structure which allows you to take action upon the database and their objects through their pop-up menus quickly and easily. You will succeed because most people are lazy. Remember that failure is an event, not a person. To successfully establish a new connection to local/remote server - no matter via SSL or SSH, set the database login information in the General tab. Difficult circumstances serve as a textbook of life for people. Navicat Data Modeler is a powerful and cost-effective database design tool which helps you build high-quality conceptual, logical and physical data models. A man is not old until regrets take the place of dreams. A man’s best friends are his ten fingers. The reason why a great man is great is that he resolves to be a great man. Genius is an infinite capacity for taking pains. Navicat provides powerful tools for working with queries: Query Editor for editing the query text directly, and Query Builder, Find Builder or Aggregate Builder for building queries visually. Actually it is just in an idea when feel oneself can achieve and cannot achieve. SQL Editor allows you to create and edit SQL text, prepare and execute selected queries. The Information Pane shows the detailed object information, project activities, the DDL of database objects, object dependencies, membership of users/roles and preview. With its well-designed Graphical User Interface(GUI), Navicat lets you quickly and easily create, organize, access and share information in a secure and easy way. You can select any connections, objects or projects, and then select the corresponding buttons on the Information Pane. All journeys have secret destinations of which the traveler is unaware. The On Startup feature allows you to control what tabs appear when you launch Navicat. Optimism is the one quality more associated with success and happiness than any other. Sometimes you win, sometimes you learn. It can also manage cloud databases such as Amazon Redshift, Amazon RDS, Alibaba Cloud. Features in Navicat are sophisticated enough to provide professional developers for all their specific needs, yet easy to learn for users who are new to database server. In other words, Navicat provides the ability for data in different databases and/or schemas to be kept up-to-date so that each repository contains the same information. Champions keep playing until they get it right. If opportunity doesn’t knock, build a door. I may not have gone where I intended to go, but I think I have ended up where I needed to be. Navicat Monitor requires a repository to store alerts and metrics for historical analysis. A comfort zone is a beautiful place, but nothing ever grows there. The repository database can be an existing MySQL, MariaDB, PostgreSQL, SQL Server, or Amazon RDS instance. You cannot save people, you can just love them. Navicat Monitor is a safe, simple and agentless remote server monitoring tool that is packed with powerful features to make your monitoring effective as possible. After comparing data, the window shows the number of records that will be inserted, updated or deleted in the target. Export Wizard allows you to export data from tables, collections, views, or query results to any available formats. You can select any connections, objects or projects, and then select the corresponding buttons on the Information Pane. It wasn’t raining when Noah built the ark. Difficult circumstances serve as a textbook of life for people. Navicat provides a wide range advanced features, such as compelling code editing capabilities, smart code-completion, SQL formatting, and more. The Information Pane shows the detailed object information, project activities, the DDL of database objects, object dependencies, membership of users/roles and preview. Navicat Data Modeler is a powerful and cost-effective database design tool which helps you build high-quality conceptual, logical and physical data models. Optimism is the one quality more associated with success and happiness than any other. HTTP Tunneling is a method for connecting to a server that uses the same protocol (http://) and the same port (port 80) as a web server does. To successfully establish a new connection to local/remote server - no matter via SSL or SSH, set the database login information in the General tab. Export Wizard allows you to export data from tables, collections, views, or query results to any available formats. Navicat Data Modeler enables you to build high-quality conceptual, logical and physical data models for a wide variety of audiences.', '2013-03-22 11:20:25', 6, 2, '2006-08-03 07:42:32');
INSERT INTO `message` VALUES (13, 3, 'All the Navicat Cloud objects are located under different projects. You can share the project to other Navicat Cloud accounts for collaboration. Navicat provides a wide range advanced features, such as compelling code editing capabilities, smart code-completion, SQL formatting, and more. Navicat is a multi-connections Database Administration tool allowing you to connect to MySQL, Oracle, PostgreSQL, SQLite, SQL Server, MariaDB and/or MongoDB databases, making database administration to multiple kinds of database so easy. After comparing data, the window shows the number of records that will be inserted, updated or deleted in the target. With its well-designed Graphical User Interface(GUI), Navicat lets you quickly and easily create, organize, access and share information in a secure and easy way. The repository database can be an existing MySQL, MariaDB, PostgreSQL, SQL Server, or Amazon RDS instance. Secure Sockets Layer(SSL) is a protocol for transmitting private documents via the Internet. You can select any connections, objects or projects, and then select the corresponding buttons on the Information Pane. In the Objects tab, you can use the List List, Detail Detail and ER Diagram ER Diagram buttons to change the object view. If the plan doesn’t work, change the plan, but never the goal. Remember that failure is an event, not a person. Instead of wondering when your next vacation is, maybe you should set up a life you don’t need to escape from. The Navigation pane employs tree structure which allows you to take action upon the database and their objects through their pop-up menus quickly and easily. A comfort zone is a beautiful place, but nothing ever grows there. Navicat is a multi-connections Database Administration tool allowing you to connect to MySQL, Oracle, PostgreSQL, SQLite, SQL Server, MariaDB and/or MongoDB databases, making database administration to multiple kinds of database so easy. Genius is an infinite capacity for taking pains. All the Navicat Cloud objects are located under different projects. You can share the project to other Navicat Cloud accounts for collaboration. Navicat is a multi-connections Database Administration tool allowing you to connect to MySQL, Oracle, PostgreSQL, SQLite, SQL Server, MariaDB and/or MongoDB databases, making database administration to multiple kinds of database so easy. It collects process metrics such as CPU load, RAM usage, and a variety of other resources over SSH/SNMP. Secure Sockets Layer(SSL) is a protocol for transmitting private documents via the Internet. It wasn’t raining when Noah built the ark. Import Wizard allows you to import data to tables/collections from CSV, TXT, XML, DBF and more. It provides strong authentication and secure encrypted communications between two hosts, known as SSH Port Forwarding (Tunneling), over an insecure network. Navicat authorizes you to make connection to remote servers running on different platforms (i.e. Windows, macOS, Linux and UNIX), and supports PAM and GSSAPI authentication. Navicat Data Modeler is a powerful and cost-effective database design tool which helps you build high-quality conceptual, logical and physical data models. Success consists of going from failure to failure without loss of enthusiasm. To successfully establish a new connection to local/remote server - no matter via SSL, SSH or HTTP, set the database login information in the General tab. It wasn’t raining when Noah built the ark. Champions keep playing until they get it right. Genius is an infinite capacity for taking pains. In a Telnet session, all communications, including username and password, are transmitted in plain-text, allowing anyone to listen-in on your session and steal passwords and other information. Secure Sockets Layer(SSL) is a protocol for transmitting private documents via the Internet. A man is not old until regrets take the place of dreams. To open a query using an external editor, control-click it and select Open with External Editor. You can set the file path of an external editor in Preferences. It can also manage cloud databases such as Amazon Redshift, Amazon RDS, Alibaba Cloud. Features in Navicat are sophisticated enough to provide professional developers for all their specific needs, yet easy to learn for users who are new to database server. To clear or reload various internal caches, flush tables, or acquire locks, control-click your connection in the Navigation pane and select Flush and choose the flush option. You must have the reload privilege to use this feature. To clear or reload various internal caches, flush tables, or acquire locks, control-click your connection in the Navigation pane and select Flush and choose the flush option. You must have the reload privilege to use this feature. Navicat provides a wide range advanced features, such as compelling code editing capabilities, smart code-completion, SQL formatting, and more. If the plan doesn’t work, change the plan, but never the goal. Navicat Monitor can be installed on any local computer or virtual machine and does not require any software installation on the servers being monitored.', '2007-08-13 23:58:35', 5, 2, '2011-11-22 00:57:06');
INSERT INTO `message` VALUES (14, 5, 'Anyone who has never made a mistake has never tried anything new. All the Navicat Cloud objects are located under different projects. You can share the project to other Navicat Cloud accounts for collaboration. If it scares you, it might be a good thing to try. Anyone who has ever made anything of importance was disciplined. Actually it is just in an idea when feel oneself can achieve and cannot achieve. In other words, Navicat provides the ability for data in different databases and/or schemas to be kept up-to-date so that each repository contains the same information. If you wait, all that happens is you get older. In a Telnet session, all communications, including username and password, are transmitted in plain-text, allowing anyone to listen-in on your session and steal passwords and other information. It provides strong authentication and secure encrypted communications between two hosts, known as SSH Port Forwarding (Tunneling), over an insecure network. I will greet this day with love in my heart. After logged in the Navicat Cloud feature, the Navigation pane will be divided into Navicat Cloud and My Connections sections. Success consists of going from failure to failure without loss of enthusiasm. A query is used to extract data from the database in a readable format according to the user\'s request. Export Wizard allows you to export data from tables, collections, views, or query results to any available formats. All the Navicat Cloud objects are located under different projects. You can share the project to other Navicat Cloud accounts for collaboration. Typically, it is employed as an encrypted version of Telnet. Navicat Data Modeler is a powerful and cost-effective database design tool which helps you build high-quality conceptual, logical and physical data models. A man is not old until regrets take the place of dreams. A comfort zone is a beautiful place, but nothing ever grows there. After logged in the Navicat Cloud feature, the Navigation pane will be divided into Navicat Cloud and My Connections sections. A man is not old until regrets take the place of dreams. After comparing data, the window shows the number of records that will be inserted, updated or deleted in the target. I may not have gone where I intended to go, but I think I have ended up where I needed to be. The repository database can be an existing MySQL, MariaDB, PostgreSQL, SQL Server, or Amazon RDS instance. Monitored servers include MySQL, MariaDB and SQL Server, and compatible with cloud databases like Amazon RDS, Amazon Aurora, Oracle Cloud, Google Cloud and Microsoft Azure. To clear or reload various internal caches, flush tables, or acquire locks, control-click your connection in the Navigation pane and select Flush and choose the flush option. You must have the reload privilege to use this feature. A comfort zone is a beautiful place, but nothing ever grows there. Navicat authorizes you to make connection to remote servers running on different platforms (i.e. Windows, macOS, Linux and UNIX), and supports PAM and GSSAPI authentication. A man is not old until regrets take the place of dreams. The past has no power over the present moment. Navicat Monitor is a safe, simple and agentless remote server monitoring tool that is packed with powerful features to make your monitoring effective as possible. Instead of wondering when your next vacation is, maybe you should set up a life you don’t need to escape from. Anyone who has ever made anything of importance was disciplined. A man is not old until regrets take the place of dreams. Creativity is intelligence having fun. To successfully establish a new connection to local/remote server - no matter via SSL, SSH or HTTP, set the database login information in the General tab. Optimism is the one quality more associated with success and happiness than any other. What you get by achieving your goals is not as important as what you become by achieving your goals. To connect to a database or schema, simply double-click it in the pane. The first step is as good as half over. It collects process metrics such as CPU load, RAM usage, and a variety of other resources over SSH/SNMP. I destroy my enemies when I make them my friends. You will succeed because most people are lazy. Navicat Monitor requires a repository to store alerts and metrics for historical analysis. Navicat allows you to transfer data from one database and/or schema to another with detailed analytical process. In a Telnet session, all communications, including username and password, are transmitted in plain-text, allowing anyone to listen-in on your session and steal passwords and other information. The Main Window consists of several toolbars and panes for you to work on connections, database objects and advanced tools. There is no way to happiness. Happiness is the way. Champions keep playing until they get it right. The first step is as good as half over. It collects process metrics such as CPU load, RAM usage, and a variety of other resources over SSH/SNMP. There is no way to happiness. Happiness is the way. Anyone who has never made a mistake has never tried anything new. Navicat Cloud provides a cloud service for synchronizing connections, queries, model files and virtual group information from Navicat, other Navicat family members, different machines and different platforms. What you get by achieving your goals is not as important as what you become by achieving your goals. Import Wizard allows you to import data to tables/collections from CSV, TXT, XML, DBF and more. You can select any connections, objects or projects, and then select the corresponding buttons on the Information Pane. I will greet this day with love in my heart. If you wait, all that happens is you get older. To get a secure connection, the first thing you need to do is to install OpenSSL Library and download Database Source. Sometimes you win, sometimes you learn. Creativity is intelligence having fun. SQL Editor allows you to create and edit SQL text, prepare and execute selected queries. To successfully establish a new connection to local/remote server - no matter via SSL, SSH or HTTP, set the database login information in the General tab. The On Startup feature allows you to control what tabs appear when you launch Navicat. Success consists of going from failure to failure without loss of enthusiasm. Sometimes you win, sometimes you learn. Typically, it is employed as an encrypted version of Telnet. Instead of wondering when your next vacation is, maybe you should set up a life you don’t need to escape from. I may not have gone where I intended to go, but I think I have ended up where I needed to be. Creativity is intelligence having fun. The Navigation pane employs tree structure which allows you to take action upon the database and their objects through their pop-up menus quickly and easily. In other words, Navicat provides the ability for data in different databases and/or schemas to be kept up-to-date so that each repository contains the same information.', '2000-04-28 18:50:53', 8, 1, '2009-04-28 21:42:14');
INSERT INTO `message` VALUES (15, 1, 'Actually it is just in an idea when feel oneself can achieve and cannot achieve. You must be the change you wish to see in the world. In the Objects tab, you can use the List List, Detail Detail and ER Diagram ER Diagram buttons to change the object view. Navicat is a multi-connections Database Administration tool allowing you to connect to MySQL, Oracle, PostgreSQL, SQLite, SQL Server, MariaDB and/or MongoDB databases, making database administration to multiple kinds of database so easy. In other words, Navicat provides the ability for data in different databases and/or schemas to be kept up-to-date so that each repository contains the same information. The repository database can be an existing MySQL, MariaDB, PostgreSQL, SQL Server, or Amazon RDS instance. You must be the change you wish to see in the world. Optimism is the one quality more associated with success and happiness than any other. Flexible settings enable you to set up a custom key for comparison and synchronization. Navicat Cloud could not connect and access your databases. By which it means, it could only store your connection settings, queries, model files, and virtual group; your database passwords and data (e.g. tables, views, etc) will not be stored to Navicat Cloud. Navicat 15 has added support for the system-wide dark mode. Navicat Monitor can be installed on any local computer or virtual machine and does not require any software installation on the servers being monitored. Instead of wondering when your next vacation is, maybe you should set up a life you don’t need to escape from. Navicat Cloud could not connect and access your databases. By which it means, it could only store your connection settings, queries, model files, and virtual group; your database passwords and data (e.g. tables, views, etc) will not be stored to Navicat Cloud. If your Internet Service Provider (ISP) does not provide direct access to its server, Secure Tunneling Protocol (SSH) / HTTP is another solution. All journeys have secret destinations of which the traveler is unaware. The Synchronize to Database function will give you a full picture of all database differences. Navicat 15 has added support for the system-wide dark mode. Sometimes you win, sometimes you learn. After logged in the Navicat Cloud feature, the Navigation pane will be divided into Navicat Cloud and My Connections sections. To successfully establish a new connection to local/remote server - no matter via SSL, SSH or HTTP, set the database login information in the General tab. It is used while your ISPs do not allow direct connections, but allows establishing HTTP connections. After comparing data, the window shows the number of records that will be inserted, updated or deleted in the target. Such sessions are also susceptible to session hijacking, where a malicious user takes over your session once you have authenticated. HTTP Tunneling is a method for connecting to a server that uses the same protocol (http://) and the same port (port 80) as a web server does. Navicat Monitor can be installed on any local computer or virtual machine and does not require any software installation on the servers being monitored. All journeys have secret destinations of which the traveler is unaware. HTTP Tunneling is a method for connecting to a server that uses the same protocol (http://) and the same port (port 80) as a web server does. After comparing data, the window shows the number of records that will be inserted, updated or deleted in the target. I may not have gone where I intended to go, but I think I have ended up where I needed to be. Actually it is just in an idea when feel oneself can achieve and cannot achieve. Navicat Data Modeler enables you to build high-quality conceptual, logical and physical data models for a wide variety of audiences. In the middle of winter I at last discovered that there was in me an invincible summer. Navicat Monitor requires a repository to store alerts and metrics for historical analysis. Monitored servers include MySQL, MariaDB and SQL Server, and compatible with cloud databases like Amazon RDS, Amazon Aurora, Oracle Cloud, Google Cloud and Microsoft Azure. Champions keep playing until they get it right. SQL Editor allows you to create and edit SQL text, prepare and execute selected queries. Such sessions are also susceptible to session hijacking, where a malicious user takes over your session once you have authenticated. Export Wizard allows you to export data from tables, collections, views, or query results to any available formats. Optimism is the one quality more associated with success and happiness than any other. Navicat provides a wide range advanced features, such as compelling code editing capabilities, smart code-completion, SQL formatting, and more. The repository database can be an existing MySQL, MariaDB, PostgreSQL, SQL Server, or Amazon RDS instance. Navicat provides a wide range advanced features, such as compelling code editing capabilities, smart code-completion, SQL formatting, and more. The first step is as good as half over. Monitored servers include MySQL, MariaDB and SQL Server, and compatible with cloud databases like Amazon RDS, Amazon Aurora, Oracle Cloud, Google Cloud and Microsoft Azure.', '2012-07-07 10:10:23', 10, 1, '2007-04-06 04:47:20');
INSERT INTO `message` VALUES (16, 5, 'Navicat provides a wide range advanced features, such as compelling code editing capabilities, smart code-completion, SQL formatting, and more. Genius is an infinite capacity for taking pains. Navicat 15 has added support for the system-wide dark mode. HTTP Tunneling is a method for connecting to a server that uses the same protocol (http://) and the same port (port 80) as a web server does. To successfully establish a new connection to local/remote server - no matter via SSL or SSH, set the database login information in the General tab. The reason why a great man is great is that he resolves to be a great man. The repository database can be an existing MySQL, MariaDB, PostgreSQL, SQL Server, or Amazon RDS instance. Anyone who has ever made anything of importance was disciplined. Genius is an infinite capacity for taking pains. Navicat Data Modeler is a powerful and cost-effective database design tool which helps you build high-quality conceptual, logical and physical data models. Such sessions are also susceptible to session hijacking, where a malicious user takes over your session once you have authenticated. All the Navicat Cloud objects are located under different projects. You can share the project to other Navicat Cloud accounts for collaboration. You must be the change you wish to see in the world. A comfort zone is a beautiful place, but nothing ever grows there. If the plan doesn’t work, change the plan, but never the goal. Success consists of going from failure to failure without loss of enthusiasm. The first step is as good as half over. All journeys have secret destinations of which the traveler is unaware. Anyone who has ever made anything of importance was disciplined. SQL Editor allows you to create and edit SQL text, prepare and execute selected queries. A comfort zone is a beautiful place, but nothing ever grows there. To connect to a database or schema, simply double-click it in the pane. Export Wizard allows you to export data from tables, collections, views, or query results to any available formats. If your Internet Service Provider (ISP) does not provide direct access to its server, Secure Tunneling Protocol (SSH) / HTTP is another solution. I will greet this day with love in my heart. After logged in the Navicat Cloud feature, the Navigation pane will be divided into Navicat Cloud and My Connections sections. Navicat 15 has added support for the system-wide dark mode. Such sessions are also susceptible to session hijacking, where a malicious user takes over your session once you have authenticated. You must be the change you wish to see in the world. If the plan doesn’t work, change the plan, but never the goal. Navicat authorizes you to make connection to remote servers running on different platforms (i.e. Windows, macOS, Linux and UNIX), and supports PAM and GSSAPI authentication. To successfully establish a new connection to local/remote server - no matter via SSL or SSH, set the database login information in the General tab. To connect to a database or schema, simply double-click it in the pane. Secure SHell (SSH) is a program to log in into another computer over a network, execute commands on a remote server, and move files from one machine to another. A man is not old until regrets take the place of dreams. Monitored servers include MySQL, MariaDB and SQL Server, and compatible with cloud databases like Amazon RDS, Amazon Aurora, Oracle Cloud, Google Cloud and Microsoft Azure. In other words, Navicat provides the ability for data in different databases and/or schemas to be kept up-to-date so that each repository contains the same information. SQL Editor allows you to create and edit SQL text, prepare and execute selected queries. Secure Sockets Layer(SSL) is a protocol for transmitting private documents via the Internet. HTTP Tunneling is a method for connecting to a server that uses the same protocol (http://) and the same port (port 80) as a web server does. The first step is as good as half over. To successfully establish a new connection to local/remote server - no matter via SSL, SSH or HTTP, set the database login information in the General tab. To successfully establish a new connection to local/remote server - no matter via SSL or SSH, set the database login information in the General tab. Success consists of going from failure to failure without loss of enthusiasm. Navicat Data Modeler is a powerful and cost-effective database design tool which helps you build high-quality conceptual, logical and physical data models. HTTP Tunneling is a method for connecting to a server that uses the same protocol (http://) and the same port (port 80) as a web server does. Navicat provides a wide range advanced features, such as compelling code editing capabilities, smart code-completion, SQL formatting, and more. The repository database can be an existing MySQL, MariaDB, PostgreSQL, SQL Server, or Amazon RDS instance. I may not have gone where I intended to go, but I think I have ended up where I needed to be. To start working with your server in Navicat, you should first establish a connection or several connections using the Connection window. To successfully establish a new connection to local/remote server - no matter via SSL or SSH, set the database login information in the General tab. Navicat is a multi-connections Database Administration tool allowing you to connect to MySQL, Oracle, PostgreSQL, SQLite, SQL Server, MariaDB and/or MongoDB databases, making database administration to multiple kinds of database so easy. Sometimes you win, sometimes you learn. You cannot save people, you can just love them. Navicat provides powerful tools for working with queries: Query Editor for editing the query text directly, and Query Builder, Find Builder or Aggregate Builder for building queries visually. If your Internet Service Provider (ISP) does not provide direct access to its server, Secure Tunneling Protocol (SSH) / HTTP is another solution. The reason why a great man is great is that he resolves to be a great man. SSH serves to prevent such vulnerabilities and allows you to access a remote server\'s shell without compromising security.', '2013-04-22 04:08:16', 9, 1, '2007-02-25 22:35:13');
INSERT INTO `message` VALUES (17, 4, 'Navicat Cloud could not connect and access your databases. By which it means, it could only store your connection settings, queries, model files, and virtual group; your database passwords and data (e.g. tables, views, etc) will not be stored to Navicat Cloud. The Information Pane shows the detailed object information, project activities, the DDL of database objects, object dependencies, membership of users/roles and preview. Genius is an infinite capacity for taking pains. SQL Editor allows you to create and edit SQL text, prepare and execute selected queries. To get a secure connection, the first thing you need to do is to install OpenSSL Library and download Database Source. If your Internet Service Provider (ISP) does not provide direct access to its server, Secure Tunneling Protocol (SSH) / HTTP is another solution. A man is not old until regrets take the place of dreams. I destroy my enemies when I make them my friends. It can also manage cloud databases such as Amazon Redshift, Amazon RDS, Alibaba Cloud. Features in Navicat are sophisticated enough to provide professional developers for all their specific needs, yet easy to learn for users who are new to database server. How we spend our days is, of course, how we spend our lives. After comparing data, the window shows the number of records that will be inserted, updated or deleted in the target. Anyone who has ever made anything of importance was disciplined. To connect to a database or schema, simply double-click it in the pane. Optimism is the one quality more associated with success and happiness than any other. A comfort zone is a beautiful place, but nothing ever grows there. All the Navicat Cloud objects are located under different projects. You can share the project to other Navicat Cloud accounts for collaboration. You must be the change you wish to see in the world. Navicat authorizes you to make connection to remote servers running on different platforms (i.e. Windows, macOS, Linux and UNIX), and supports PAM and GSSAPI authentication. To start working with your server in Navicat, you should first establish a connection or several connections using the Connection window. Navicat Monitor can be installed on any local computer or virtual machine and does not require any software installation on the servers being monitored. To successfully establish a new connection to local/remote server - no matter via SSL or SSH, set the database login information in the General tab. Success consists of going from failure to failure without loss of enthusiasm. Difficult circumstances serve as a textbook of life for people. After logged in the Navicat Cloud feature, the Navigation pane will be divided into Navicat Cloud and My Connections sections. It collects process metrics such as CPU load, RAM usage, and a variety of other resources over SSH/SNMP. If your Internet Service Provider (ISP) does not provide direct access to its server, Secure Tunneling Protocol (SSH) / HTTP is another solution. Genius is an infinite capacity for taking pains. To connect to a database or schema, simply double-click it in the pane. If the plan doesn’t work, change the plan, but never the goal. Navicat authorizes you to make connection to remote servers running on different platforms (i.e. Windows, macOS, Linux and UNIX), and supports PAM and GSSAPI authentication. Secure Sockets Layer(SSL) is a protocol for transmitting private documents via the Internet. SQL Editor allows you to create and edit SQL text, prepare and execute selected queries. Such sessions are also susceptible to session hijacking, where a malicious user takes over your session once you have authenticated. All journeys have secret destinations of which the traveler is unaware. If the plan doesn’t work, change the plan, but never the goal.', '2019-02-24 20:36:22', 2, 2, '2018-06-23 22:11:55');
INSERT INTO `message` VALUES (18, 3, 'What you get by achieving your goals is not as important as what you become by achieving your goals. If the Show objects under schema in navigation pane option is checked at the Preferences window, all database objects are also displayed in the pane. The past has no power over the present moment. Secure Sockets Layer(SSL) is a protocol for transmitting private documents via the Internet. Always keep your eyes open. Keep watching. Because whatever you see can inspire you. Such sessions are also susceptible to session hijacking, where a malicious user takes over your session once you have authenticated. With its well-designed Graphical User Interface(GUI), Navicat lets you quickly and easily create, organize, access and share information in a secure and easy way. The past has no power over the present moment. It can also manage cloud databases such as Amazon Redshift, Amazon RDS, Alibaba Cloud. Features in Navicat are sophisticated enough to provide professional developers for all their specific needs, yet easy to learn for users who are new to database server. Navicat Data Modeler enables you to build high-quality conceptual, logical and physical data models for a wide variety of audiences. After comparing data, the window shows the number of records that will be inserted, updated or deleted in the target. The reason why a great man is great is that he resolves to be a great man. SSH serves to prevent such vulnerabilities and allows you to access a remote server\'s shell without compromising security. Navicat Monitor requires a repository to store alerts and metrics for historical analysis. To connect to a database or schema, simply double-click it in the pane. Navicat Cloud could not connect and access your databases. By which it means, it could only store your connection settings, queries, model files, and virtual group; your database passwords and data (e.g. tables, views, etc) will not be stored to Navicat Cloud. Champions keep playing until they get it right. How we spend our days is, of course, how we spend our lives. The reason why a great man is great is that he resolves to be a great man. Secure SHell (SSH) is a program to log in into another computer over a network, execute commands on a remote server, and move files from one machine to another. To successfully establish a new connection to local/remote server - no matter via SSL or SSH, set the database login information in the General tab. HTTP Tunneling is a method for connecting to a server that uses the same protocol (http://) and the same port (port 80) as a web server does. Creativity is intelligence having fun. Such sessions are also susceptible to session hijacking, where a malicious user takes over your session once you have authenticated. In the Objects tab, you can use the List List, Detail Detail and ER Diagram ER Diagram buttons to change the object view. HTTP Tunneling is a method for connecting to a server that uses the same protocol (http://) and the same port (port 80) as a web server does. Creativity is intelligence having fun. In other words, Navicat provides the ability for data in different databases and/or schemas to be kept up-to-date so that each repository contains the same information.', '2013-04-16 15:47:07', 2, 2, '2000-07-18 18:34:28');
INSERT INTO `message` VALUES (19, 5, 'Navicat Monitor can be installed on any local computer or virtual machine and does not require any software installation on the servers being monitored. Navicat Cloud provides a cloud service for synchronizing connections, queries, model files and virtual group information from Navicat, other Navicat family members, different machines and different platforms. You will succeed because most people are lazy. It can also manage cloud databases such as Amazon Redshift, Amazon RDS, Alibaba Cloud. Features in Navicat are sophisticated enough to provide professional developers for all their specific needs, yet easy to learn for users who are new to database server. Success consists of going from failure to failure without loss of enthusiasm. All journeys have secret destinations of which the traveler is unaware. I will greet this day with love in my heart. There is no way to happiness. Happiness is the way. To successfully establish a new connection to local/remote server - no matter via SSL or SSH, set the database login information in the General tab. Such sessions are also susceptible to session hijacking, where a malicious user takes over your session once you have authenticated. SQL Editor allows you to create and edit SQL text, prepare and execute selected queries. It provides strong authentication and secure encrypted communications between two hosts, known as SSH Port Forwarding (Tunneling), over an insecure network. If your Internet Service Provider (ISP) does not provide direct access to its server, Secure Tunneling Protocol (SSH) / HTTP is another solution. If the plan doesn’t work, change the plan, but never the goal. Remember that failure is an event, not a person. Remember that failure is an event, not a person. With its well-designed Graphical User Interface(GUI), Navicat lets you quickly and easily create, organize, access and share information in a secure and easy way. SSH serves to prevent such vulnerabilities and allows you to access a remote server\'s shell without compromising security. Navicat Cloud could not connect and access your databases. By which it means, it could only store your connection settings, queries, model files, and virtual group; your database passwords and data (e.g. tables, views, etc) will not be stored to Navicat Cloud. What you get by achieving your goals is not as important as what you become by achieving your goals. Navicat Monitor can be installed on any local computer or virtual machine and does not require any software installation on the servers being monitored. Navicat authorizes you to make connection to remote servers running on different platforms (i.e. Windows, macOS, Linux and UNIX), and supports PAM and GSSAPI authentication. I destroy my enemies when I make them my friends. HTTP Tunneling is a method for connecting to a server that uses the same protocol (http://) and the same port (port 80) as a web server does. What you get by achieving your goals is not as important as what you become by achieving your goals. Navicat Data Modeler enables you to build high-quality conceptual, logical and physical data models for a wide variety of audiences. To open a query using an external editor, control-click it and select Open with External Editor. You can set the file path of an external editor in Preferences. The past has no power over the present moment. Always keep your eyes open. Keep watching. Because whatever you see can inspire you. If you wait, all that happens is you get older. To successfully establish a new connection to local/remote server - no matter via SSL or SSH, set the database login information in the General tab. It provides strong authentication and secure encrypted communications between two hosts, known as SSH Port Forwarding (Tunneling), over an insecure network. After logged in the Navicat Cloud feature, the Navigation pane will be divided into Navicat Cloud and My Connections sections. What you get by achieving your goals is not as important as what you become by achieving your goals. You can select any connections, objects or projects, and then select the corresponding buttons on the Information Pane. Navicat Cloud could not connect and access your databases. By which it means, it could only store your connection settings, queries, model files, and virtual group; your database passwords and data (e.g. tables, views, etc) will not be stored to Navicat Cloud. Genius is an infinite capacity for taking pains. Always keep your eyes open. Keep watching. Because whatever you see can inspire you. SSH serves to prevent such vulnerabilities and allows you to access a remote server\'s shell without compromising security. There is no way to happiness. Happiness is the way. The On Startup feature allows you to control what tabs appear when you launch Navicat. I destroy my enemies when I make them my friends. What you get by achieving your goals is not as important as what you become by achieving your goals. Navicat Data Modeler enables you to build high-quality conceptual, logical and physical data models for a wide variety of audiences. With its well-designed Graphical User Interface(GUI), Navicat lets you quickly and easily create, organize, access and share information in a secure and easy way. Champions keep playing until they get it right. Export Wizard allows you to export data from tables, collections, views, or query results to any available formats. Navicat Monitor can be installed on any local computer or virtual machine and does not require any software installation on the servers being monitored. A man’s best friends are his ten fingers. Navicat provides a wide range advanced features, such as compelling code editing capabilities, smart code-completion, SQL formatting, and more. It can also manage cloud databases such as Amazon Redshift, Amazon RDS, Alibaba Cloud. Features in Navicat are sophisticated enough to provide professional developers for all their specific needs, yet easy to learn for users who are new to database server. Secure SHell (SSH) is a program to log in into another computer over a network, execute commands on a remote server, and move files from one machine to another. Genius is an infinite capacity for taking pains. With its well-designed Graphical User Interface(GUI), Navicat lets you quickly and easily create, organize, access and share information in a secure and easy way. You cannot save people, you can just love them. To open a query using an external editor, control-click it and select Open with External Editor. You can set the file path of an external editor in Preferences. Typically, it is employed as an encrypted version of Telnet. Navicat authorizes you to make connection to remote servers running on different platforms (i.e. Windows, macOS, Linux and UNIX), and supports PAM and GSSAPI authentication. Typically, it is employed as an encrypted version of Telnet. Import Wizard allows you to import data to tables/collections from CSV, TXT, XML, DBF and more. In a Telnet session, all communications, including username and password, are transmitted in plain-text, allowing anyone to listen-in on your session and steal passwords and other information. Monitored servers include MySQL, MariaDB and SQL Server, and compatible with cloud databases like Amazon RDS, Amazon Aurora, Oracle Cloud, Google Cloud and Microsoft Azure. After logged in the Navicat Cloud feature, the Navigation pane will be divided into Navicat Cloud and My Connections sections. Remember that failure is an event, not a person. Navicat 15 has added support for the system-wide dark mode. The Navigation pane employs tree structure which allows you to take action upon the database and their objects through their pop-up menus quickly and easily. SSH serves to prevent such vulnerabilities and allows you to access a remote server\'s shell without compromising security. Secure SHell (SSH) is a program to log in into another computer over a network, execute commands on a remote server, and move files from one machine to another. Anyone who has ever made anything of importance was disciplined. You must be the change you wish to see in the world. Creativity is intelligence having fun. If your Internet Service Provider (ISP) does not provide direct access to its server, Secure Tunneling Protocol (SSH) / HTTP is another solution. You must be the change you wish to see in the world. To successfully establish a new connection to local/remote server - no matter via SSL or SSH, set the database login information in the General tab. To successfully establish a new connection to local/remote server - no matter via SSL or SSH, set the database login information in the General tab.', '2017-07-22 03:21:52', 3, 2, '2018-06-22 17:28:08');
INSERT INTO `message` VALUES (20, 3, 'Success consists of going from failure to failure without loss of enthusiasm. Navicat Monitor can be installed on any local computer or virtual machine and does not require any software installation on the servers being monitored. All journeys have secret destinations of which the traveler is unaware. Always keep your eyes open. Keep watching. Because whatever you see can inspire you. A man’s best friends are his ten fingers. Secure Sockets Layer(SSL) is a protocol for transmitting private documents via the Internet. After logged in the Navicat Cloud feature, the Navigation pane will be divided into Navicat Cloud and My Connections sections. Remember that failure is an event, not a person. Success consists of going from failure to failure without loss of enthusiasm. You will succeed because most people are lazy. Always keep your eyes open. Keep watching. Because whatever you see can inspire you. Navicat Cloud provides a cloud service for synchronizing connections, queries, model files and virtual group information from Navicat, other Navicat family members, different machines and different platforms. You cannot save people, you can just love them. In other words, Navicat provides the ability for data in different databases and/or schemas to be kept up-to-date so that each repository contains the same information. The reason why a great man is great is that he resolves to be a great man. You must be the change you wish to see in the world. You will succeed because most people are lazy. I will greet this day with love in my heart. The Main Window consists of several toolbars and panes for you to work on connections, database objects and advanced tools. Anyone who has never made a mistake has never tried anything new. Navicat Cloud provides a cloud service for synchronizing connections, queries, model files and virtual group information from Navicat, other Navicat family members, different machines and different platforms. Navicat 15 has added support for the system-wide dark mode. Remember that failure is an event, not a person. If the Show objects under schema in navigation pane option is checked at the Preferences window, all database objects are also displayed in the pane. The Main Window consists of several toolbars and panes for you to work on connections, database objects and advanced tools. The Information Pane shows the detailed object information, project activities, the DDL of database objects, object dependencies, membership of users/roles and preview. I will greet this day with love in my heart. Navicat authorizes you to make connection to remote servers running on different platforms (i.e. Windows, macOS, Linux and UNIX), and supports PAM and GSSAPI authentication. I will greet this day with love in my heart. It is used while your ISPs do not allow direct connections, but allows establishing HTTP connections. A man’s best friends are his ten fingers. Secure SHell (SSH) is a program to log in into another computer over a network, execute commands on a remote server, and move files from one machine to another. In other words, Navicat provides the ability for data in different databases and/or schemas to be kept up-to-date so that each repository contains the same information. The Main Window consists of several toolbars and panes for you to work on connections, database objects and advanced tools. I may not have gone where I intended to go, but I think I have ended up where I needed to be. Navicat authorizes you to make connection to remote servers running on different platforms (i.e. Windows, macOS, Linux and UNIX), and supports PAM and GSSAPI authentication. Secure Sockets Layer(SSL) is a protocol for transmitting private documents via the Internet. Optimism is the one quality more associated with success and happiness than any other. The Synchronize to Database function will give you a full picture of all database differences. I may not have gone where I intended to go, but I think I have ended up where I needed to be. If the Show objects under schema in navigation pane option is checked at the Preferences window, all database objects are also displayed in the pane. If opportunity doesn’t knock, build a door. Always keep your eyes open. Keep watching. Because whatever you see can inspire you. Anyone who has never made a mistake has never tried anything new. You must be the change you wish to see in the world. Actually it is just in an idea when feel oneself can achieve and cannot achieve. Export Wizard allows you to export data from tables, collections, views, or query results to any available formats. After comparing data, the window shows the number of records that will be inserted, updated or deleted in the target. Navicat Cloud provides a cloud service for synchronizing connections, queries, model files and virtual group information from Navicat, other Navicat family members, different machines and different platforms. After logged in the Navicat Cloud feature, the Navigation pane will be divided into Navicat Cloud and My Connections sections. It can also manage cloud databases such as Amazon Redshift, Amazon RDS, Alibaba Cloud. Features in Navicat are sophisticated enough to provide professional developers for all their specific needs, yet easy to learn for users who are new to database server. The Navigation pane employs tree structure which allows you to take action upon the database and their objects through their pop-up menus quickly and easily. It collects process metrics such as CPU load, RAM usage, and a variety of other resources over SSH/SNMP. Navicat Monitor requires a repository to store alerts and metrics for historical analysis. I destroy my enemies when I make them my friends. A query is used to extract data from the database in a readable format according to the user\'s request. SSH serves to prevent such vulnerabilities and allows you to access a remote server\'s shell without compromising security. You can select any connections, objects or projects, and then select the corresponding buttons on the Information Pane. If the plan doesn’t work, change the plan, but never the goal. To start working with your server in Navicat, you should first establish a connection or several connections using the Connection window. The Information Pane shows the detailed object information, project activities, the DDL of database objects, object dependencies, membership of users/roles and preview. If the Show objects under schema in navigation pane option is checked at the Preferences window, all database objects are also displayed in the pane. Genius is an infinite capacity for taking pains. It is used while your ISPs do not allow direct connections, but allows establishing HTTP connections. After comparing data, the window shows the number of records that will be inserted, updated or deleted in the target. After logged in the Navicat Cloud feature, the Navigation pane will be divided into Navicat Cloud and My Connections sections. All the Navicat Cloud objects are located under different projects. You can share the project to other Navicat Cloud accounts for collaboration. Navicat is a multi-connections Database Administration tool allowing you to connect to MySQL, Oracle, PostgreSQL, SQLite, SQL Server, MariaDB and/or MongoDB databases, making database administration to multiple kinds of database so easy. Remember that failure is an event, not a person. Import Wizard allows you to import data to tables/collections from CSV, TXT, XML, DBF and more. Success consists of going from failure to failure without loss of enthusiasm. If opportunity doesn’t knock, build a door.', '2003-02-07 05:44:20', 7, 1, '2022-06-27 09:03:12');
INSERT INTO `message` VALUES (21, 1, '消息内容', '2023-02-09 08:32:22', 3, 1, NULL);
INSERT INTO `message` VALUES (22, 1, '消息内容', '2023-02-09 08:32:22', 3, 1, NULL);

-- ----------------------------
-- Table structure for remark
-- ----------------------------
DROP TABLE IF EXISTS `remark`;
CREATE TABLE `remark`  (
  `re_id` int NOT NULL AUTO_INCREMENT,
  `su_id` int NOT NULL COMMENT '评论人id',
  `wo_id` int NOT NULL COMMENT '作品id',
  `re_content` text CHARACTER SET utf8mb4 COLLATE utf8mb4_0900_ai_ci NULL COMMENT '评论内容',
  `re_time` datetime NULL DEFAULT CURRENT_TIMESTAMP COMMENT '评论时间',
  `re_state` int NULL DEFAULT 1 COMMENT '评论状态 0-删除 1-正常',
  PRIMARY KEY (`re_id`) USING BTREE
) ENGINE = InnoDB AUTO_INCREMENT = 16 CHARACTER SET = utf8mb4 COLLATE = utf8mb4_0900_ai_ci COMMENT = '作品评论表' ROW_FORMAT = Dynamic;

-- ----------------------------
-- Records of remark
-- ----------------------------
INSERT INTO `remark` VALUES (1, 4, 5, 'It provides strong authentication and secure encrypted communications between two                   ', '2005-01-02 18:11:06', 1);
INSERT INTO `remark` VALUES (2, 9, 2, 'Navicat Cloud could not connect and access your databases. By which it means, it                    ', '2005-07-28 05:49:06', 1);
INSERT INTO `remark` VALUES (3, 2, 3, 'Instead of wondering when your next vacation is, maybe you should set up a life you                 ', '2017-04-03 13:14:52', 1);
INSERT INTO `remark` VALUES (4, 2, 10, 'Navicat provides powerful tools for working with queries: Query Editor for editing                  ', '2002-07-28 05:17:19', 1);
INSERT INTO `remark` VALUES (5, 5, 6, 'The Navigation pane employs tree structure which allows you to take action upon the                 ', '2008-01-05 01:47:54', 1);
INSERT INTO `remark` VALUES (6, 9, 5, 'After logged in the Navicat Cloud feature, the Navigation pane will be divided into                 ', '2014-10-26 22:35:38', 1);
INSERT INTO `remark` VALUES (7, 5, 8, 'Navicat is a multi-connections Database Administration tool allowing you to connect                 ', '2006-10-19 16:35:23', 1);
INSERT INTO `remark` VALUES (8, 8, 9, 'Navicat provides a wide range advanced features, such as compelling code editing                    ', '2018-05-20 02:40:57', 1);
INSERT INTO `remark` VALUES (9, 7, 8, 'To clear or reload various internal caches, flush tables, or acquire locks, control-click           ', '2019-11-14 07:41:41', 1);
INSERT INTO `remark` VALUES (10, 2, 9, 'If the Show objects under schema in navigation pane option is checked at the Preferences            ', '2002-04-06 00:45:22', 1);
INSERT INTO `remark` VALUES (14, 1, 1, '评论内容', '2023-02-09 11:36:59', 1);
INSERT INTO `remark` VALUES (15, 1, 1, '评论内容', '2023-02-10 11:38:25', 1);

-- ----------------------------
-- Table structure for subscription
-- ----------------------------
DROP TABLE IF EXISTS `subscription`;
CREATE TABLE `subscription`  (
  `sub_id` int NOT NULL AUTO_INCREMENT,
  `su_id` int NOT NULL COMMENT '订阅人id',
  `wo_id` int NOT NULL COMMENT '图书id',
  `sub_time` datetime NULL DEFAULT CURRENT_TIMESTAMP COMMENT '订阅时间',
  `sub_other` varchar(255) CHARACTER SET utf8mb4 COLLATE utf8mb4_0900_ai_ci NULL DEFAULT NULL COMMENT '其他',
  `sub_state` int NULL DEFAULT 1 COMMENT '订阅的状态 0-取消订阅 1-已订阅',
  PRIMARY KEY (`sub_id`) USING BTREE
) ENGINE = InnoDB AUTO_INCREMENT = 20 CHARACTER SET = utf8mb4 COLLATE = utf8mb4_0900_ai_ci COMMENT = '图书订阅表' ROW_FORMAT = Dynamic;

-- ----------------------------
-- Records of subscription
-- ----------------------------
INSERT INTO `subscription` VALUES (19, 2, 3, '2023-02-10 11:31:41', NULL, 1);

-- ----------------------------
-- Table structure for sys_account
-- ----------------------------
DROP TABLE IF EXISTS `sys_account`;
CREATE TABLE `sys_account`  (
  `sa_id` int NOT NULL AUTO_INCREMENT,
  `sa_name` varchar(100) CHARACTER SET utf8mb4 COLLATE utf8mb4_0900_ai_ci NOT NULL COMMENT '账号',
  `sa_password` varchar(100) CHARACTER SET utf8mb4 COLLATE utf8mb4_0900_ai_ci NOT NULL COMMENT '密码',
  `sa_type` int NOT NULL DEFAULT 2 COMMENT '账号类型 1-管理员账号 2-用户账号 3-作者账号',
  `Is_expired` int NULL DEFAULT 1 COMMENT '是否过期 0-过期 1-未过期',
  `sa_state` int NOT NULL DEFAULT 1 COMMENT '账号状态 0-禁用 1-正常 2-审批中',
  `sa_create_time` datetime NULL DEFAULT CURRENT_TIMESTAMP COMMENT '创建时间',
  `sa_update_time` datetime NULL DEFAULT NULL COMMENT '更新时间',
  `su_id` int NULL DEFAULT NULL COMMENT '用户id',
  PRIMARY KEY (`sa_id`) USING BTREE,
  UNIQUE INDEX `sa_id`(`sa_id` ASC) USING BTREE,
  UNIQUE INDEX `sa_name`(`sa_name` ASC) USING BTREE
) ENGINE = InnoDB AUTO_INCREMENT = 1059 CHARACTER SET = utf8mb4 COLLATE = utf8mb4_0900_ai_ci COMMENT = '账号表' ROW_FORMAT = Dynamic;

-- ----------------------------
-- Records of sys_account
-- ----------------------------
INSERT INTO `sys_account` VALUES (1001, 'admin', '123456', 1, 1, 1, '2023-02-07 11:52:14', NULL, 1);
INSERT INTO `sys_account` VALUES (1002, 'tjm', '123456', 1, 1, 1, '2023-02-07 11:52:32', NULL, 2);
INSERT INTO `sys_account` VALUES (1003, 'Arai Shino', '123456', 1, 1, 1, '2023-02-07 05:32:19', '2010-04-18 04:22:49', 3);
INSERT INTO `sys_account` VALUES (1004, 'Ueno Ayato', '123456', 1, 1, 1, '2023-02-07 14:42:28', '2018-07-19 15:06:13', 4);
INSERT INTO `sys_account` VALUES (1005, '傅晓明', '123456', 1, 1, 1, '2023-02-07 00:34:56', '2008-12-22 02:36:36', 5);
INSERT INTO `sys_account` VALUES (1006, '宋子异', '123456', 1, 1, 1, '2023-02-07 16:10:46', '2005-11-27 22:36:13', 6);
INSERT INTO `sys_account` VALUES (1007, 'David Tucker', '123456', 1, 1, 1, '2023-02-07 15:37:12', '2000-02-16 21:41:53', 7);
INSERT INTO `sys_account` VALUES (1008, '孟嘉伦', '123456', 1, 1, 1, '2023-02-07 22:15:24', '2022-11-11 13:04:19', 8);
INSERT INTO `sys_account` VALUES (1009, '袁子韬', '123456', 3, 1, 1, '2023-02-07 20:15:38', '2015-01-06 01:27:26', 9);
INSERT INTO `sys_account` VALUES (1010, 'Amber Lopez', '123456', 1, 1, 1, '2023-02-07 07:53:46', '2021-10-16 23:28:02', 10);

-- ----------------------------
-- Table structure for sys_user
-- ----------------------------
DROP TABLE IF EXISTS `sys_user`;
CREATE TABLE `sys_user`  (
  `su_id` int NOT NULL AUTO_INCREMENT,
  `su_name` varchar(50) CHARACTER SET utf8mb4 COLLATE utf8mb4_0900_ai_ci NOT NULL COMMENT '用户名称',
  `su_nickname` varchar(50) CHARACTER SET utf8mb4 COLLATE utf8mb4_0900_ai_ci NULL DEFAULT NULL COMMENT '用户昵称',
  `su_type` varchar(25) CHARACTER SET utf8mb4 COLLATE utf8mb4_0900_ai_ci NULL DEFAULT '用户' COMMENT '用户类型 超级管理员 普通管理员 作者 读者',
  `su_phone` varchar(11) CHARACTER SET utf8mb4 COLLATE utf8mb4_0900_ai_ci NULL DEFAULT NULL COMMENT '用户电话',
  `su_state` int NULL DEFAULT 1 COMMENT '用户状态 0-删除 1-正常 2-审批中',
  `sa_id` int NULL DEFAULT NULL COMMENT '账号id',
  `sum_num` int NULL DEFAULT 0 COMMENT '总积分',
  `su_create_time` datetime NULL DEFAULT CURRENT_TIMESTAMP COMMENT '创建时间',
  `su_update_time` datetime NULL DEFAULT NULL COMMENT '更新时间',
  PRIMARY KEY (`su_id`) USING BTREE,
  UNIQUE INDEX `su_name`(`su_name` ASC) USING BTREE,
  UNIQUE INDEX `su_nickname`(`su_nickname` ASC) USING BTREE,
  UNIQUE INDEX `su_phone`(`su_phone` ASC) USING BTREE
) ENGINE = InnoDB AUTO_INCREMENT = 48 CHARACTER SET = utf8mb4 COLLATE = utf8mb4_0900_ai_ci COMMENT = '管理员表' ROW_FORMAT = DYNAMIC;

-- ----------------------------
-- Records of sys_user
-- ----------------------------
INSERT INTO `sys_user` VALUES (1, 'tjm', 'tt', '超级管理员', '18593407476', 1, 1001, 1000, '2023-01-18 09:30:28', NULL);
INSERT INTO `sys_user` VALUES (2, 'Tom', 'mm', '普通管理员', '18593404741', 1, 1002, 980, '2023-01-18 11:44:49', NULL);
INSERT INTO `sys_user` VALUES (3, '段云熙', '段云熙', '读者', '18599990000', 1, 1003, 924, '2014-11-06 19:38:37', NULL);
INSERT INTO `sys_user` VALUES (4, 'Wayne Carter', 'Wayne Carter', '读者', '18599990001', 1, 1004, 10, '2001-01-10 20:56:01', NULL);
INSERT INTO `sys_user` VALUES (5, '汪子韬', '汪子韬', '读者', '18599990002', 1, 1005, 10, '2016-09-12 12:32:08', NULL);
INSERT INTO `sys_user` VALUES (6, 'Marcus Cruz', 'Marcus Cruz', '读者', '18599990003', 1, 1006, 10, '2004-06-27 15:39:53', NULL);
INSERT INTO `sys_user` VALUES (7, '金璐', '金璐', '读者', '18599990004', 1, 1007, 10, '2010-11-29 13:39:49', NULL);
INSERT INTO `sys_user` VALUES (8, '向詩涵', 'Xiang Shihan', '作者', '18599990005', 1, 1008, 100, '2012-11-20 15:49:59', NULL);
INSERT INTO `sys_user` VALUES (9, '谢岚', 'Xie Lan', '作者', '18599990006', 1, 1009, 100, '2016-10-05 09:56:39', NULL);
INSERT INTO `sys_user` VALUES (10, 'Stephanie Black', 'Stephanie Black', '读者', '18599990007', 1, 1010, 100, '2007-09-12 08:19:43', NULL);

-- ----------------------------
-- Table structure for undo_log
-- ----------------------------
DROP TABLE IF EXISTS `undo_log`;
CREATE TABLE `undo_log`  (
  `branch_id` bigint NOT NULL COMMENT 'branch transaction id',
  `xid` varchar(128) CHARACTER SET utf8mb4 COLLATE utf8mb4_0900_ai_ci NOT NULL COMMENT 'global transaction id',
  `context` varchar(128) CHARACTER SET utf8mb4 COLLATE utf8mb4_0900_ai_ci NOT NULL COMMENT 'undo_log context,such as serialization',
  `rollback_info` longblob NOT NULL COMMENT 'rollback info',
  `log_status` int NOT NULL COMMENT '0:normal status,1:defense status',
  `log_created` datetime(6) NOT NULL COMMENT 'create datetime',
  `log_modified` datetime(6) NOT NULL COMMENT 'modify datetime',
  UNIQUE INDEX `ux_undo_log`(`xid` ASC, `branch_id` ASC) USING BTREE
) ENGINE = InnoDB CHARACTER SET = utf8mb4 COLLATE = utf8mb4_0900_ai_ci COMMENT = 'AT transaction mode undo table' ROW_FORMAT = Dynamic;

-- ----------------------------
-- Records of undo_log
-- ----------------------------

-- ----------------------------
-- Table structure for user
-- ----------------------------
DROP TABLE IF EXISTS `user`;
CREATE TABLE `user`  (
  `us_id` int NOT NULL AUTO_INCREMENT,
  `us_name` varchar(25) CHARACTER SET utf8mb4 COLLATE utf8mb4_0900_ai_ci NOT NULL COMMENT '用户名称',
  `us_account` varchar(25) CHARACTER SET utf8mb4 COLLATE utf8mb4_0900_ai_ci NULL DEFAULT NULL COMMENT '用户账号',
  `us_password` varchar(50) CHARACTER SET utf8mb4 COLLATE utf8mb4_0900_ai_ci NULL DEFAULT NULL COMMENT '账号密码',
  `us_state` int NULL DEFAULT 1 COMMENT '用户状态 0-删除 1-正常',
  `us_create_time` datetime NULL DEFAULT CURRENT_TIMESTAMP COMMENT '创建时间',
  `us_type` int NULL DEFAULT 1 COMMENT '用户类型 1-用户 2-作者',
  `us_Integral` int NULL DEFAULT 0 COMMENT '用户积分',
  `us_other` varchar(255) CHARACTER SET utf8mb4 COLLATE utf8mb4_0900_ai_ci NULL DEFAULT NULL COMMENT '其他',
  PRIMARY KEY (`us_id`) USING BTREE,
  UNIQUE INDEX `us_name`(`us_name` ASC) USING BTREE,
  UNIQUE INDEX `us_account`(`us_account` ASC) USING BTREE
) ENGINE = InnoDB CHARACTER SET = utf8mb4 COLLATE = utf8mb4_0900_ai_ci COMMENT = '用户表' ROW_FORMAT = Dynamic;

-- ----------------------------
-- Records of user
-- ----------------------------

-- ----------------------------
-- Table structure for works
-- ----------------------------
DROP TABLE IF EXISTS `works`;
CREATE TABLE `works`  (
  `wo_id` int NOT NULL AUTO_INCREMENT,
  `wo_title` varchar(100) CHARACTER SET utf8mb4 COLLATE utf8mb4_0900_ai_ci NOT NULL COMMENT '作品标题',
  `summary` varchar(255) CHARACTER SET utf8mb4 COLLATE utf8mb4_0900_ai_ci NULL DEFAULT NULL COMMENT '作品概要',
  `su_id` int NOT NULL COMMENT '作者id',
  `read_num` int NULL DEFAULT 0 COMMENT '图书阅读量',
  `section_num` int NULL DEFAULT 0 COMMENT '章节数量',
  `appraise_num` int NULL DEFAULT 0 COMMENT '评价数量',
  `likes_num` int NULL DEFAULT 0 COMMENT '点赞数量',
  `protagonist_name` varchar(100) CHARACTER SET utf8mb4 COLLATE utf8mb4_0900_ai_ci NULL DEFAULT NULL COMMENT '主角名（>1以\"，\"分隔）',
  `support_name` varchar(100) CHARACTER SET utf8mb4 COLLATE utf8mb4_0900_ai_ci NULL DEFAULT NULL COMMENT '配角名（>1以\"，\"分隔）',
  `works_type` varchar(50) CHARACTER SET utf8mb4 COLLATE utf8mb4_0900_ai_ci NULL DEFAULT NULL COMMENT '作品类型 军事、科幻、言情、穿越',
  `works_create_time` datetime NULL DEFAULT CURRENT_TIMESTAMP COMMENT '创建时间',
  `bo_id` int NULL DEFAULT NULL COMMENT '书架id',
  `bo_integral` int NULL DEFAULT 0 COMMENT '订阅图书需要的积分',
  `wo_state` int NULL DEFAULT 1 COMMENT '图书状态 0-禁用 1-启用',
  PRIMARY KEY (`wo_id`) USING BTREE,
  UNIQUE INDEX `wo_title`(`wo_title` ASC) USING BTREE
) ENGINE = InnoDB AUTO_INCREMENT = 29 CHARACTER SET = utf8mb4 COLLATE = utf8mb4_0900_ai_ci COMMENT = '作品表' ROW_FORMAT = Dynamic;

-- ----------------------------
-- Records of works
-- ----------------------------
INSERT INTO `works` VALUES (1, 'Raspberry', 's2gTYoAjBX', 10, 1, 0, 2, 0, 'Masuda Daichi', '暗示法花', '军事', '2007-05-31 02:32:43', 2, 10, 1);
INSERT INTO `works` VALUES (2, 'Raswberry air', '7CGJRLM65P', 8, 2, 0, 0, 0, 'Mo Hok Yau', '华华', '军事', '2016-03-02 17:47:16', 5, 10, 1);
INSERT INTO `works` VALUES (3, 'Pluots', 'tNSPe09qvL', 8, 13, 0, 0, 0, 'Shawn Simpson', '小龙', '军事', '2003-07-03 03:53:50', 4, 10, 1);
INSERT INTO `works` VALUES (4, 'omni-upple', '8ubfXxqhSQ', 7, 124, 0, 0, 0, 'Dai Chi Yuen', '大师', '科幻', '2007-06-02 21:25:23', 4, 10, 1);
INSERT INTO `works` VALUES (5, 'ambi-Pluots', 'SOXiUezGnM', 7, 125, 0, 0, 0, 'Sheh Wing Suen', '山卡拉', '科幻', '2001-05-08 09:28:07', 1, 10, 1);
INSERT INTO `works` VALUES (6, 'Strawberry', 'TtYBGlGuN0', 7, 24, 0, 0, 0, 'So Chieh Lun', 'kg撒', '科幻', '2014-01-14 11:58:32', 3, 10, 1);
INSERT INTO `works` VALUES (7, 'omni-Straxberry', 'APjTk3twLN', 10, 12, 0, 0, 0, 'Cui Rui', '葛文', '言情', '2004-03-30 11:33:18', 4, 10, 1);
INSERT INTO `works` VALUES (8, 'Rhmbutan se', '4XR6VLH83E', 5, 56, 0, 0, 0, 'Ku Ming', '老嘎SDK', '科幻', '2015-01-25 13:07:00', 2, 10, 1);
INSERT INTO `works` VALUES (9, 'Strawberry core', 'mz3P5WeRJ5', 1, 1, 0, 0, 0, 'Du Lu', '阿宝', '言情', '2017-07-02 09:39:56', 5, 10, 1);
INSERT INTO `works` VALUES (10, 'Raspberly', 'znvy3ncAbE', 7, 0, 0, 0, 0, 'Yan Jiehong', '客气海陆', '穿越', '2006-03-03 22:55:32', 2, 10, 1);
INSERT INTO `works` VALUES (28, '十万个冷笑话', '有十万个冷笑话', 9, 0, 2, 0, 0, '主角名', '没达尔文', '言情', '2023-02-09 10:07:54', 1, 10, 1);

-- ----------------------------
-- Table structure for works_content
-- ----------------------------
DROP TABLE IF EXISTS `works_content`;
CREATE TABLE `works_content`  (
  `wc_id` int NOT NULL AUTO_INCREMENT COMMENT '作品章节',
  `wc_title` varchar(100) CHARACTER SET utf8mb4 COLLATE utf8mb4_0900_ai_ci NOT NULL COMMENT '章节标题',
  `wc_content` text CHARACTER SET utf8mb4 COLLATE utf8mb4_0900_ai_ci NULL COMMENT '章节内容',
  `wo_id` int NOT NULL COMMENT '作品id',
  `wc_create_time` datetime NULL DEFAULT CURRENT_TIMESTAMP COMMENT '创建时间',
  `wc_update_endtime` datetime NULL DEFAULT NULL COMMENT '章节最后修改时间',
  `wc_finalize_time` datetime NULL DEFAULT NULL COMMENT '章节定稿时间',
  `wc_chapter_hits` int NULL DEFAULT 0 COMMENT '章节点击量',
  `wc_state` int NULL DEFAULT 1 COMMENT '章节状态 0-删除 1-正常（已发布）2-未发布',
  PRIMARY KEY (`wc_id`) USING BTREE
) ENGINE = InnoDB AUTO_INCREMENT = 16 CHARACTER SET = utf8mb4 COLLATE = utf8mb4_0900_ai_ci COMMENT = '作品内容表' ROW_FORMAT = Dynamic;

-- ----------------------------
-- Records of works_content
-- ----------------------------
INSERT INTO `works_content` VALUES (14, '为什么1', '章节内容1', 28, '2023-02-09 10:07:54', '2023-02-09 10:07:54', '2023-02-09 10:07:54', 0, 1);
INSERT INTO `works_content` VALUES (15, '为什么2', '章节内容2', 28, '2023-02-09 10:07:54', '2023-02-09 10:07:54', '2023-02-09 10:07:54', 0, 1);

-- ----------------------------
-- Table structure for works_intermediate
-- ----------------------------
DROP TABLE IF EXISTS `works_intermediate`;
CREATE TABLE `works_intermediate`  (
  `wi_id` int NOT NULL AUTO_INCREMENT,
  `wo_id` int NOT NULL COMMENT '作品id',
  `wt_id` int NOT NULL COMMENT '作品标签id',
  PRIMARY KEY (`wi_id`) USING BTREE
) ENGINE = InnoDB AUTO_INCREMENT = 30 CHARACTER SET = utf8mb4 COLLATE = utf8mb4_0900_ai_ci COMMENT = '作品标签中间表' ROW_FORMAT = DYNAMIC;

-- ----------------------------
-- Records of works_intermediate
-- ----------------------------
INSERT INTO `works_intermediate` VALUES (1, 9, 8);
INSERT INTO `works_intermediate` VALUES (2, 7, 6);
INSERT INTO `works_intermediate` VALUES (3, 2, 2);
INSERT INTO `works_intermediate` VALUES (4, 10, 2);
INSERT INTO `works_intermediate` VALUES (5, 8, 8);
INSERT INTO `works_intermediate` VALUES (6, 4, 2);
INSERT INTO `works_intermediate` VALUES (7, 6, 5);
INSERT INTO `works_intermediate` VALUES (8, 6, 6);
INSERT INTO `works_intermediate` VALUES (9, 3, 5);
INSERT INTO `works_intermediate` VALUES (10, 4, 5);
INSERT INTO `works_intermediate` VALUES (11, 6, 9);
INSERT INTO `works_intermediate` VALUES (12, 2, 7);
INSERT INTO `works_intermediate` VALUES (13, 9, 3);
INSERT INTO `works_intermediate` VALUES (14, 1, 7);
INSERT INTO `works_intermediate` VALUES (15, 1, 5);
INSERT INTO `works_intermediate` VALUES (16, 1, 1);
INSERT INTO `works_intermediate` VALUES (17, 5, 8);
INSERT INTO `works_intermediate` VALUES (18, 5, 2);
INSERT INTO `works_intermediate` VALUES (19, 9, 5);
INSERT INTO `works_intermediate` VALUES (20, 10, 9);
INSERT INTO `works_intermediate` VALUES (28, 28, 1);
INSERT INTO `works_intermediate` VALUES (29, 28, 2);

-- ----------------------------
-- Table structure for works_tag
-- ----------------------------
DROP TABLE IF EXISTS `works_tag`;
CREATE TABLE `works_tag`  (
  `wt_id` int NOT NULL AUTO_INCREMENT,
  `wt_name` varchar(20) CHARACTER SET utf8mb4 COLLATE utf8mb4_0900_ai_ci NOT NULL COMMENT '标签名',
  `wt_create_time` datetime NULL DEFAULT CURRENT_TIMESTAMP COMMENT '创建时间',
  `wt_create_by` varchar(255) CHARACTER SET utf8mb4 COLLATE utf8mb4_0900_ai_ci NULL DEFAULT NULL COMMENT '创建人',
  PRIMARY KEY (`wt_id`) USING BTREE,
  UNIQUE INDEX `wt_name`(`wt_name` ASC) USING BTREE
) ENGINE = InnoDB AUTO_INCREMENT = 21 CHARACTER SET = utf8mb4 COLLATE = utf8mb4_0900_ai_ci COMMENT = '作品标签表' ROW_FORMAT = Dynamic;

-- ----------------------------
-- Records of works_tag
-- ----------------------------
INSERT INTO `works_tag` VALUES (1, '都市纵横', '2013-07-29 14:01:01', 'admin');
INSERT INTO `works_tag` VALUES (2, '玄幻异界', '2007-03-12 22:34:19', 'admin');
INSERT INTO `works_tag` VALUES (3, '悬疑推理', '2016-07-30 14:36:12', 'admin');
INSERT INTO `works_tag` VALUES (4, '现代言情', '2014-05-07 10:38:56', 'admin');
INSERT INTO `works_tag` VALUES (5, '架空穿越', '2020-09-27 08:31:05', 'admin');
INSERT INTO `works_tag` VALUES (6, '古代言情', '2013-01-01 06:51:30', 'admin');
INSERT INTO `works_tag` VALUES (7, '乡村生活', '2010-01-10 23:50:06', 'admin');
INSERT INTO `works_tag` VALUES (8, '武侠仙侠', '2019-05-21 14:15:57', 'admin');
INSERT INTO `works_tag` VALUES (9, '历史', '2004-02-11 14:40:38', 'admin');
INSERT INTO `works_tag` VALUES (10, '豪门总裁', '2004-10-19 14:17:37', 'admin');
INSERT INTO `works_tag` VALUES (11, '宫斗宠斗', '2019-07-17 17:19:49', 'admin');
INSERT INTO `works_tag` VALUES (12, '科幻未来', '2016-01-31 16:42:57', 'admin');
INSERT INTO `works_tag` VALUES (13, '玄幻女强', '2020-08-08 21:54:12', 'admin');
INSERT INTO `works_tag` VALUES (14, '青春校园', '2003-05-29 08:45:32', 'admin');
INSERT INTO `works_tag` VALUES (15, '年代重生', '2012-03-17 06:19:41', 'admin');
INSERT INTO `works_tag` VALUES (16, '影视原著', '2014-10-22 03:20:42', 'admin');
INSERT INTO `works_tag` VALUES (17, '文学图书', '2002-12-22 14:34:34', 'admin');
INSERT INTO `works_tag` VALUES (18, '游戏竞技', '2002-12-20 00:38:58', 'admin');
INSERT INTO `works_tag` VALUES (19, '出版图书', '2008-09-27 02:50:39', 'admin');
INSERT INTO `works_tag` VALUES (20, '短剧', '2013-02-11 23:10:59', 'admin');

SET FOREIGN_KEY_CHECKS = 1;
